 Country,Collection,Species,WGS84 N,WGS84 E,Time
Suomi,LajiGIS: Species monitoring sites,jääleinikki (fi) — Ranunculus glacialis,69.053584,20.813968,2023-08-30
Suomi,LajiGIS,jääleinikki (fi) — Ranunculus glacialis,69.07987,20.68858,2023-08-29
Suomi,LajiGIS,jääleinikki (fi) — Ranunculus glacialis,69.079313,20.688388,2023-08-29
Suomi,Lajitietokeskus/FinBIF - iNaturalist Suomi Finland,jääleinikki (fi) — Ranunculus glacialis,69.30779,21.26492,2023-07-27
Suomi,Löydös Open Finnish Observation Database,jääleinikki (fi) — Ranunculus glacialis,68.713901,22.787894,2023-07-15
Suomi,"Lajitietokeskus/FinBIF - Notebook, general observations",jääleinikki (fi) — Ranunculus glacialis,69.043867,20.862149,2023-07-09
Suomi,"Lajitietokeskus/FinBIF - Notebook, general observations",jääleinikki (fi) — Ranunculus glacialis,69.046838,20.854398,2023-07-09
Suomi,"Lajitietokeskus/FinBIF - Notebook, general observations",jääleinikki (fi) — Ranunculus glacialis,69.044451,20.861357,2023-07-09
Suomi,Lajitietokeskus/FinBIF - iNaturalist Suomi Finland,jääleinikki (fi) — Ranunculus glacialis,69.04747,20.8446,2023-07-01
Suomi,Lajitietokeskus/FinBIF - iNaturalist Suomi Finland,jääleinikki (fi) — Ranunculus glacialis,69.07639,20.65694,2022-08-09
Suomi,Löydös Open Finnish Observation Database,jääleinikki (fi) — Ranunculus glacialis,69.25352,21.375651,2022-07-23
Suomi,"Lajitietokeskus/FinBIF - Notebook, general observations",jääleinikki (fi) — Ranunculus glacialis,68.987862,21.086054,2022-07-11
Suomi,"Lajitietokeskus/FinBIF - Notebook, general observations",jääleinikki (fi) — Ranunculus glacialis,69.047514,20.826461,2022-07-01 [12:13]
Suomi,"Lajitietokeskus/FinBIF - Notebook, general observations",jääleinikki (fi) — Ranunculus glacialis,69.047526,20.826533,2022-07-01 [12:15-12:16]
Suomi,"Lajitietokeskus/FinBIF - Notebook, general observations",jääleinikki (fi) — Ranunculus glacialis,69.086729,20.832377,2022-06-29 [13:55]
Suomi,LajiGIS: Species monitoring sites,jääleinikki (fi) — Ranunculus glacialis,69.080055,20.650536,2021-09-03
Suomi,LajiGIS: Species monitoring sites,jääleinikki (fi) — Ranunculus glacialis,69.075343,20.657325,2021-09-03
Suomi,LajiGIS: Species monitoring sites,jääleinikki (fi) — Ranunculus glacialis,69.075823,20.657135,2021-09-03
Suomi,LajiGIS: Species monitoring sites,jääleinikki (fi) — Ranunculus glacialis,69.083016,20.653356,2021-09-03
Suomi,LajiGIS: Species monitoring sites,jääleinikki (fi) — Ranunculus glacialis,69.079914,20.650375,2021-09-03
Suomi,LajiGIS: Species monitoring sites,jääleinikki (fi) — Ranunculus glacialis,69.079854,20.650695,2021-09-03
Suomi,LajiGIS: Species monitoring sites,jääleinikki (fi) — Ranunculus glacialis,69.076013,20.656425,2021-09-03
Suomi,Vascular plant observations of Turku university Herbarium,jääleinikki (fi) — Ranunculus glacialis,69.107525,21.121366,2021-08-22
Suomi,Vascular plant observations of Turku university Herbarium,jääleinikki (fi) — Ranunculus glacialis,69.061537,20.911343,2021-08-20
Suomi,Vascular plant observations of Turku university Herbarium,jääleinikki (fi) — Ranunculus glacialis,69.059507,20.915169,2021-08-20
Suomi,Vascular plant observations of Turku university Herbarium,jääleinikki (fi) — Ranunculus glacialis,69.217156,21.272498,2021-08-14
Suomi,Vascular plant observations of Turku university Herbarium,jääleinikki (fi) — Ranunculus glacialis,69.231705,21.170073,2021-08-12
Suomi,Vascular plant observations of Turku university Herbarium,jääleinikki (fi) — Ranunculus glacialis,69.216801,21.244795,2021-08-12
Suomi,Vascular plant observations of Turku university Herbarium,jääleinikki (fi) — Ranunculus glacialis,69.201967,21.094567,2021-08-11
Suomi,LajiGIS: Species monitoring sites,jääleinikki (fi) — Ranunculus glacialis,69.01321,21.286282,2021-08-10
Suomi,LajiGIS: Species monitoring sites,jääleinikki (fi) — Ranunculus glacialis,69.010863,21.264346,2021-08-10
Suomi,LajiGIS: Species monitoring sites,jääleinikki (fi) — Ranunculus glacialis,69.008038,21.255293,2021-08-10
Suomi,LajiGIS: Species monitoring sites,jääleinikki (fi) — Ranunculus glacialis,69.01349,21.289524,2021-08-10
Suomi,LajiGIS: Species monitoring sites,jääleinikki (fi) — Ranunculus glacialis,69.012966,21.29084,2021-08-10
Suomi,LajiGIS: Species monitoring sites,jääleinikki (fi) — Ranunculus glacialis,69.01338,21.28787,2021-08-10
Suomi,LajiGIS: Species monitoring sites,jääleinikki (fi) — Ranunculus glacialis,69.007895,21.253472,2021-08-10
Suomi,Vascular plant observations of Turku university Herbarium,jääleinikki (fi) — Ranunculus glacialis,69.225607,21.225492,2021-08-09
Suomi,Vascular plant observations of Turku university Herbarium,jääleinikki (fi) — Ranunculus glacialis,69.211827,21.473181,2021-08-05
Suomi,Vascular plant observations of Turku university Herbarium,jääleinikki (fi) — Ranunculus glacialis,69.074674,20.693535,2021-08-04
Suomi,Lajitietokeskus/FinBIF - iNaturalist Suomi Finland,jääleinikki (fi) — Ranunculus glacialis,69.28575,21.26872,2021-08-04
Suomi,LajiGIS: Species monitoring sites,jääleinikki (fi) — Ranunculus glacialis,69.106516,21.119425,2021-08-03
Suomi,LajiGIS: Species monitoring sites,jääleinikki (fi) — Ranunculus glacialis,69.106582,21.119533,2021-08-03
Suomi,LajiGIS: Species monitoring sites,jääleinikki (fi) — Ranunculus glacialis,69.107302,21.122669,2021-08-03
Suomi,Vascular plant observations of Turku university Herbarium,jääleinikki (fi) — Ranunculus glacialis,69.228417,21.411826,2021-08-03
Suomi,Vascular plant observations of Turku university Herbarium,jääleinikki (fi) — Ranunculus glacialis,69.080872,20.813094,2021-08-03
Suomi,LajiGIS: Species monitoring sites,jääleinikki (fi) — Ranunculus glacialis,69.10386,21.15598,2021-08-02
Suomi,LajiGIS: Species monitoring sites,jääleinikki (fi) — Ranunculus glacialis,69.105473,21.164753,2021-08-02
Suomi,LajiGIS: Species monitoring sites,jääleinikki (fi) — Ranunculus glacialis,69.105272,21.161478,2021-08-02
Suomi,Vascular plant observations of Turku university Herbarium,jääleinikki (fi) — Ranunculus glacialis,69.080789,20.806337,2021-08-02
Suomi,LajiGIS: Species monitoring sites,jääleinikki (fi) — Ranunculus glacialis,69.176643,21.294428,2021-08-01
Suomi,LajiGIS: Species monitoring sites,jääleinikki (fi) — Ranunculus glacialis,69.176389,21.294924,2021-08-01
Suomi,LajiGIS: Species monitoring sites,jääleinikki (fi) — Ranunculus glacialis,69.176118,21.295957,2021-08-01
Suomi,LajiGIS: Species monitoring sites,jääleinikki (fi) — Ranunculus glacialis,69.239009,21.645071,2021-07-31
Suomi,LajiGIS: Species monitoring sites,jääleinikki (fi) — Ranunculus glacialis,69.285174,21.268381,2021-07-30
Suomi,LajiGIS: Species monitoring sites,jääleinikki (fi) — Ranunculus glacialis,69.09061,20.815124,2021-07-30
Suomi,Vascular plant observations of Turku university Herbarium,jääleinikki (fi) — Ranunculus glacialis,69.073398,20.662646,2021-07-29
Suomi,Vascular plant observations of Turku university Herbarium,jääleinikki (fi) — Ranunculus glacialis,69.047032,20.85503,2021-07-28
Suomi,Lajitietokeskus/FinBIF - iNaturalist Suomi Finland,jääleinikki (fi) — Ranunculus glacialis,69.06825,21.25186,2021-07-27
Suomi,Lajitietokeskus/FinBIF - iNaturalist Suomi Finland,jääleinikki (fi) — Ranunculus glacialis,69.09812,20.68202,2021-07-25
Suomi,Lajitietokeskus/FinBIF - iNaturalist Suomi Finland,jääleinikki (fi) — Ranunculus glacialis,69.04332,20.8571,2021-07-22
Suomi,Lajitietokeskus/FinBIF - iNaturalist Suomi Finland,jääleinikki (fi) — Ranunculus glacialis,69.1,20.9,2021-07-22
Suomi,LajiGIS: Species monitoring sites,jääleinikki (fi) — Ranunculus glacialis,69.079913,20.688644,2021-07-15
Suomi,LajiGIS: Species monitoring sites,jääleinikki (fi) — Ranunculus glacialis,69.079305,20.688291,2021-07-15
Suomi,Lajitietokeskus/FinBIF - iNaturalist Suomi Finland,jääleinikki (fi) — Ranunculus glacialis,69.2704,21.16718,2021-07-13
Suomi,Lajitietokeskus/FinBIF - iNaturalist Suomi Finland,jääleinikki (fi) — Ranunculus glacialis,69.08009,20.81832,2021-07-09
Suomi,"Lajitietokeskus/FinBIF - Notebook, general observations",jääleinikki (fi) — Ranunculus glacialis,69.052503,20.820498,2021-07-06 [0:00]
Suomi,Lajitietokeskus/FinBIF - iNaturalist Suomi Finland,jääleinikki (fi) — Ranunculus glacialis,69.05349,20.81413,2021-07-06
Suomi,Lajitietokeskus/FinBIF - iNaturalist Suomi Finland,jääleinikki (fi) — Ranunculus glacialis,69.08,20.83,2021-07-03
Suomi,"Lajitietokeskus/FinBIF - Notebook, general observations",jääleinikki (fi) — Ranunculus glacialis,69.044255,20.862418,2021-07-01
Suomi,"Lajitietokeskus/FinBIF - Notebook, general observations",jääleinikki (fi) — Ranunculus glacialis,69.045561,20.859938,2021-07-01
Suomi,Lajitietokeskus/FinBIF - iNaturalist Suomi Finland,jääleinikki (fi) — Ranunculus glacialis,69.084188,20.831765,2020-08-15
Suomi,LajiGIS,jääleinikki (fi) — Ranunculus glacialis,69.21921,21.41618,2020-07-28
Suomi,LajiGIS,jääleinikki (fi) — Ranunculus glacialis,69.211945,21.420025,2020-07-28
Suomi,"Lajitietokeskus/FinBIF - Notebook, general observations",jääleinikki (fi) — Ranunculus glacialis,69.286006,21.267426,2020-07-27 [18:43]
Suomi,"Lajitietokeskus/FinBIF - Notebook, general observations",jääleinikki (fi) — Ranunculus glacialis,69.247487,21.32781,2020-07-25 [14:46-14:47]
Suomi,"Lajitietokeskus/FinBIF - Notebook, general observations",jääleinikki (fi) — Ranunculus glacialis,69.243425,21.349318,2020-07-25 [15:11]
Suomi,"Lajitietokeskus/FinBIF - Notebook, general observations",jääleinikki (fi) — Ranunculus glacialis,69.241431,21.354353,2020-07-25 [15:18]
Suomi,"Lajitietokeskus/FinBIF - Notebook, general observations",jääleinikki (fi) — Ranunculus glacialis,69.23177,21.378596,2020-07-25 [17:01-17:04]
Suomi,"Lajitietokeskus/FinBIF - Notebook, general observations",jääleinikki (fi) — Ranunculus glacialis,69.236356,21.369419,2020-07-25 [15:47]
Suomi,Vascular Plant Herbarium: Herbarium Fennoscandicum,jääleinikki (fi) — Ranunculus glacialis,69.25,21.2,2020-07-24
Suomi,LajiGIS,jääleinikki (fi) — Ranunculus glacialis,69.265611,21.187692,2020-07-23
Suomi,LajiGIS,jääleinikki (fi) — Ranunculus glacialis,69.265127,21.188559,2020-07-23
Suomi,LajiGIS,jääleinikki (fi) — Ranunculus glacialis,69.273582,21.190481,2020-07-23
Suomi,LajiGIS,jääleinikki (fi) — Ranunculus glacialis,69.278942,21.196998,2020-07-23
Suomi,LajiGIS,jääleinikki (fi) — Ranunculus glacialis,69.280056,21.196648,2020-07-23
Suomi,LajiGIS: Species monitoring sites,jääleinikki (fi) — Ranunculus glacialis,69.27658,21.163034,2020-07-21
Suomi,LajiGIS: Species monitoring sites,jääleinikki (fi) — Ranunculus glacialis,69.277981,21.168503,2020-07-21
Suomi,LajiGIS,jääleinikki (fi) — Ranunculus glacialis,69.266277,21.174098,2020-07-21
Suomi,LajiGIS,jääleinikki (fi) — Ranunculus glacialis,69.267577,21.200097,2020-07-21
Suomi,LajiGIS,jääleinikki (fi) — Ranunculus glacialis,69.26776,21.173216,2020-07-21
Suomi,LajiGIS,jääleinikki (fi) — Ranunculus glacialis,69.268882,21.173396,2020-07-21
Suomi,LajiGIS,jääleinikki (fi) — Ranunculus glacialis,69.270176,21.166414,2020-07-21
Suomi,LajiGIS,jääleinikki (fi) — Ranunculus glacialis,69.270562,21.166895,2020-07-21
Suomi,Kastikka Floristic Archives (Kastikka Ark),jääleinikki (fi) — Ranunculus glacialis,69.286963,21.176243,2020-07-21
Suomi,Kastikka Floristic Archives (Kastikka Ark),jääleinikki (fi) — Ranunculus glacialis,69.278045,21.178646,2020-07-21
Suomi,Kastikka Floristic Archives (Kastikka Ark),jääleinikki (fi) — Ranunculus glacialis,69.277193,21.153464,2020-07-21
Suomi,LajiGIS: Species monitoring sites,jääleinikki (fi) — Ranunculus glacialis,69.26769,21.186625,2020-07-20
Suomi,Kastikka Floristic Archives (Kastikka Ark),jääleinikki (fi) — Ranunculus glacialis,69.269127,21.181047,2020-07-20
Suomi,Löydös Open Finnish Observation Database,jääleinikki (fi) — Ranunculus glacialis,69.28286,21.374117,2020-07-20
Suomi,"Lajitietokeskus/FinBIF - Notebook, general observations",jääleinikki (fi) — Ranunculus glacialis,69.10603,21.16608,2020-07-19 [18:26]
Suomi,"Lajitietokeskus/FinBIF - Notebook, general observations",jääleinikki (fi) — Ranunculus glacialis,69.08104,20.80636,2020-07-11
Suomi,LajiGIS: Species monitoring sites,jääleinikki (fi) — Ranunculus glacialis,69.079913,20.688644,2020-07-09
Suomi,Lajitietokeskus/FinBIF - iNaturalist Suomi Finland,jääleinikki (fi) — Ranunculus glacialis,69.04741,20.8267,2020-06-25
Suomi,"Lajitietokeskus/FinBIF - Notebook, general observations",jääleinikki (fi) — Ranunculus glacialis,69.046036,20.850364,2019-07-23
Suomi,"Lajitietokeskus/FinBIF - Notebook, general observations",jääleinikki (fi) — Ranunculus glacialis,69.046036,20.850364,2019-07-23
Suomi,"Lajitietokeskus/FinBIF - Notebook, general observations",jääleinikki (fi) — Ranunculus glacialis,69.046036,20.850364,2019-07-18
Suomi,LajiGIS: Species monitoring sites,jääleinikki (fi) — Ranunculus glacialis,69.079913,20.688644,2019-07-04
Suomi,LajiGIS: Species monitoring sites,jääleinikki (fi) — Ranunculus glacialis,69.079305,20.688291,2019-07-04
Suomi,Kastikka Floristic Archives (Kastikka Ark),jääleinikki (fi) — Ranunculus glacialis,69.262822,21.538176,2018-07-30
Suomi,LajiGIS: Species monitoring sites,jääleinikki (fi) — Ranunculus glacialis,69.079913,20.688644,2018-07-10
Suomi,LajiGIS: Species monitoring sites,jääleinikki (fi) — Ranunculus glacialis,69.079305,20.688291,2018-07-10
Suomi,Kastikka Floristic Archives (Kastikka Ark),jääleinikki (fi) — Ranunculus glacialis,69.052341,20.848813,2018-07-06
Suomi,Lajitietokeskus/FinBIF - iNaturalist Suomi Finland,jääleinikki (fi) — Ranunculus glacialis,69.12035,21.14935,2018-06-30
Suomi,"Lajitietokeskus/FinBIF - Notebook, general observations",jääleinikki (fi) — Ranunculus glacialis,69.052928,20.835023,2018-06-29
Suomi,"Lajitietokeskus/FinBIF - Notebook, general observations",jääleinikki (fi) — Ranunculus glacialis,69.18931,22.580266,2018-06-26
Suomi,Hatikka.fi observations,jääleinikki (fi) — Ranunculus glacialis,69.220491,21.015146,2017-07-20 [19:46]
Suomi,Hatikka.fi observations,jääleinikki (fi) — Ranunculus glacialis,69.220786,21.010679,2017-07-20 [20:00]
Suomi,Hatikka.fi observations,jääleinikki (fi) — Ranunculus glacialis,69.22251,21.009544,2017-07-20
Suomi,Kastikka Floristic Archives (Kastikka Ark),jääleinikki (fi) — Ranunculus glacialis,69.220567,21.015138,2017-07-20
Suomi,Kastikka Floristic Archives (Kastikka Ark),jääleinikki (fi) — Ranunculus glacialis,69.220496,21.015158,2017-07-20
Suomi,Kastikka Floristic Archives (Kastikka Ark),jääleinikki (fi) — Ranunculus glacialis,69.220687,21.011353,2017-07-20
Suomi,Kastikka Floristic Archives (Kastikka Ark),jääleinikki (fi) — Ranunculus glacialis,69.220767,21.011052,2017-07-20
Suomi,Kastikka Floristic Archives (Kastikka Ark),jääleinikki (fi) — Ranunculus glacialis,69.220872,21.010972,2017-07-20
Suomi,Kastikka Floristic Archives (Kastikka Ark),jääleinikki (fi) — Ranunculus glacialis,69.220835,21.010679,2017-07-20
Suomi,Kastikka Floristic Archives (Kastikka Ark),jääleinikki (fi) — Ranunculus glacialis,69.220761,21.010623,2017-07-20
Suomi,Kastikka Floristic Archives (Kastikka Ark),jääleinikki (fi) — Ranunculus glacialis,69.22079,21.01069,2017-07-20
Suomi,Kastikka Floristic Archives (Kastikka Ark),jääleinikki (fi) — Ranunculus glacialis,69.220709,21.008356,2017-07-20
Suomi,Kastikka Floristic Archives (Kastikka Ark),jääleinikki (fi) — Ranunculus glacialis,69.22077,21.008288,2017-07-20
Suomi,Kastikka Floristic Archives (Kastikka Ark),jääleinikki (fi) — Ranunculus glacialis,69.2209,21.007897,2017-07-20
Suomi,Kastikka Floristic Archives (Kastikka Ark),jääleinikki (fi) — Ranunculus glacialis,69.221102,21.00774,2017-07-20
Suomi,Kastikka Floristic Archives (Kastikka Ark),jääleinikki (fi) — Ranunculus glacialis,69.221428,21.007801,2017-07-20
Suomi,Kastikka Floristic Archives (Kastikka Ark),jääleinikki (fi) — Ranunculus glacialis,69.222113,21.007841,2017-07-20
Suomi,Kastikka Floristic Archives (Kastikka Ark),jääleinikki (fi) — Ranunculus glacialis,69.222515,21.009555,2017-07-20
Suomi,Kastikka Floristic Archives (Kastikka Ark),jääleinikki (fi) — Ranunculus glacialis,69.220567,21.015138,2017-07-20
Suomi,Kastikka Floristic Archives (Kastikka Ark),jääleinikki (fi) — Ranunculus glacialis,69.220496,21.015158,2017-07-20
Suomi,Kastikka Floristic Archives (Kastikka Ark),jääleinikki (fi) — Ranunculus glacialis,69.220687,21.011353,2017-07-20
Suomi,Kastikka Floristic Archives (Kastikka Ark),jääleinikki (fi) — Ranunculus glacialis,69.220767,21.011052,2017-07-20
Suomi,Kastikka Floristic Archives (Kastikka Ark),jääleinikki (fi) — Ranunculus glacialis,69.220872,21.010972,2017-07-20
Suomi,Kastikka Floristic Archives (Kastikka Ark),jääleinikki (fi) — Ranunculus glacialis,69.220835,21.010679,2017-07-20
Suomi,Kastikka Floristic Archives (Kastikka Ark),jääleinikki (fi) — Ranunculus glacialis,69.220761,21.010623,2017-07-20
Suomi,Kastikka Floristic Archives (Kastikka Ark),jääleinikki (fi) — Ranunculus glacialis,69.22079,21.01069,2017-07-20
Suomi,Kastikka Floristic Archives (Kastikka Ark),jääleinikki (fi) — Ranunculus glacialis,69.220709,21.008356,2017-07-20
Suomi,Kastikka Floristic Archives (Kastikka Ark),jääleinikki (fi) — Ranunculus glacialis,69.22077,21.008288,2017-07-20
Suomi,Kastikka Floristic Archives (Kastikka Ark),jääleinikki (fi) — Ranunculus glacialis,69.2209,21.007897,2017-07-20
Suomi,Kastikka Floristic Archives (Kastikka Ark),jääleinikki (fi) — Ranunculus glacialis,69.221102,21.00774,2017-07-20
Suomi,Kastikka Floristic Archives (Kastikka Ark),jääleinikki (fi) — Ranunculus glacialis,69.221428,21.007801,2017-07-20
Suomi,Kastikka Floristic Archives (Kastikka Ark),jääleinikki (fi) — Ranunculus glacialis,69.222113,21.007841,2017-07-20
Suomi,Kastikka Floristic Archives (Kastikka Ark),jääleinikki (fi) — Ranunculus glacialis,69.222515,21.009555,2017-07-20
Suomi,Kastikka Floristic Archives (Kastikka Ark),jääleinikki (fi) — Ranunculus glacialis,69.218511,21.017216,2017-07-20
Suomi,LajiGIS: Species monitoring sites,jääleinikki (fi) — Ranunculus glacialis,69.106347,21.119244,2016-08-14
Suomi,LajiGIS: Species monitoring sites,jääleinikki (fi) — Ranunculus glacialis,69.106607,21.119729,2016-08-14
Suomi,Hatikka.fi observations,jääleinikki (fi) — Ranunculus glacialis,69.080906,20.811705,2016-07-25 [17:27-17:29]
Suomi,Hatikka.fi observations,jääleinikki (fi) — Ranunculus glacialis,69.080762,20.813938,2016-07-25 [17:49]
Suomi,LajiGIS: Species monitoring sites,jääleinikki (fi) — Ranunculus glacialis,69.273426,21.360616,2016-07-24
Suomi,LajiGIS: Species monitoring sites,jääleinikki (fi) — Ranunculus glacialis,69.04685,20.854728,2016-07-20
Suomi,LajiGIS: Species monitoring sites,jääleinikki (fi) — Ranunculus glacialis,69.047699,20.848777,2016-07-20
Suomi,LajiGIS: Species monitoring sites,jääleinikki (fi) — Ranunculus glacialis,69.048076,20.848243,2016-07-20
Suomi,LajiGIS: Species monitoring sites,jääleinikki (fi) — Ranunculus glacialis,69.048173,20.846681,2016-07-20
Suomi,LajiGIS: Species monitoring sites,jääleinikki (fi) — Ranunculus glacialis,69.05104,20.845018,2016-07-20
Suomi,LajiGIS: Species monitoring sites,jääleinikki (fi) — Ranunculus glacialis,69.044484,20.857054,2016-07-20
Suomi,LajiGIS: Species monitoring sites,jääleinikki (fi) — Ranunculus glacialis,69.045468,20.854865,2016-07-20
Suomi,Kastikka Floristic Archives (Kastikka Ark),jääleinikki (fi) — Ranunculus glacialis,69.048776,20.844835,2016-07-16
Suomi,Lajitietokeskus/FinBIF - iNaturalist Suomi Finland,jääleinikki (fi) — Ranunculus glacialis,69.11378,20.72415,2016-07-14
Suomi,"Lajitietokeskus/FinBIF - Notebook, general observations",jääleinikki (fi) — Ranunculus glacialis,69.049621,20.820734,2016-07-13
Suomi,"Lajitietokeskus/FinBIF - Notebook, general observations",jääleinikki (fi) — Ranunculus glacialis,69.04912,20.822813,2016-07-13
Suomi,LajiGIS: Species monitoring sites,jääleinikki (fi) — Ranunculus glacialis,69.110205,21.161722,2015-09-16
Suomi,Kastikka Floristic Archives (Kastikka Ark),jääleinikki (fi) — Ranunculus glacialis,69.053651,20.813543,2015-08-05
Suomi,Löydös Open Finnish Observation Database,jääleinikki (fi) — Ranunculus glacialis,69.049168,20.827911,2015-07-25
Suomi,LajiGIS: Species monitoring sites,jääleinikki (fi) — Ranunculus glacialis,69.045862,20.831805,2015-07-14
Suomi,Kastikka Floristic Archives (Kastikka Ark),jääleinikki (fi) — Ranunculus glacialis,69.053014,20.818832,2013-07-16
Suomi,Kastikka Floristic Archives (Kastikka Ark),jääleinikki (fi) — Ranunculus glacialis,69.053211,20.816059,2013-07-16
Suomi,Hatikka.fi observations,jääleinikki (fi) — Ranunculus glacialis,69.10659,21.119563,2013-07-12 [16:25-16:27]
Suomi,LajiGIS: Species monitoring sites,jääleinikki (fi) — Ranunculus glacialis,69.175001,21.295137,2012-08-01
Suomi,LajiGIS: Species monitoring sites,jääleinikki (fi) — Ranunculus glacialis,69.233184,21.224093,2012-08-01
Suomi,LajiGIS: Species monitoring sites,jääleinikki (fi) — Ranunculus glacialis,69.186259,21.2167,2012-08-01
Suomi,LajiGIS: Species monitoring sites,jääleinikki (fi) — Ranunculus glacialis,69.255092,21.149554,2012-07-31
Suomi,LajiGIS: Species monitoring sites,jääleinikki (fi) — Ranunculus glacialis,69.25924,21.143936,2012-07-31
Suomi,LajiGIS: Species monitoring sites,jääleinikki (fi) — Ranunculus glacialis,69.225355,21.227396,2012-07-31
Suomi,LajiGIS: Species monitoring sites,jääleinikki (fi) — Ranunculus glacialis,69.248116,21.197237,2012-07-30
Suomi,LajiGIS: Species monitoring sites,jääleinikki (fi) — Ranunculus glacialis,69.248356,21.196056,2012-07-30
Suomi,LajiGIS: Species monitoring sites,jääleinikki (fi) — Ranunculus glacialis,69.019201,21.278365,2012-07-30
Suomi,LajiGIS: Species monitoring sites,jääleinikki (fi) — Ranunculus glacialis,69.018901,21.281784,2012-07-30
Suomi,LajiGIS: Species monitoring sites,jääleinikki (fi) — Ranunculus glacialis,69.018797,21.281611,2012-07-30
Suomi,LajiGIS: Species monitoring sites,jääleinikki (fi) — Ranunculus glacialis,69.019382,21.282965,2012-07-30
Suomi,LajiGIS: Species monitoring sites,jääleinikki (fi) — Ranunculus glacialis,69.194717,21.148248,2012-07-30
Suomi,"TUR-A Vascular plant collections of the Åbo Akademi, Herbarium generale",jääleinikki (fi) — Ranunculus glacialis,69.018892,21.281813,2012-07-30
Suomi,"TUR-A Vascular plant collections of the Åbo Akademi, Herbarium generale",jääleinikki (fi) — Ranunculus glacialis,69.019291,21.282964,2012-07-30
Suomi,"TUR-A Vascular plant collections of the Åbo Akademi, Herbarium generale",jääleinikki (fi) — Ranunculus glacialis,69.018892,21.281813,2012-07-30
Suomi,Hatikka.fi observations,jääleinikki (fi) — Ranunculus glacialis,69.080638,20.837177,2012-07-26 [17:50-17:53]
Suomi,LajiGIS: Species monitoring sites,jääleinikki (fi) — Ranunculus glacialis,69.049508,20.853755,2012-07-25
Suomi,"TUR-A Vascular plant collections of the Åbo Akademi, Herbarium generale",jääleinikki (fi) — Ranunculus glacialis,69.049473,20.853809,2012-07-25
Suomi,Kastikka Floristic Archives (Kastikka Ark),jääleinikki (fi) — Ranunculus glacialis,69.267708,21.409992,2011-07-26
Suomi,Kastikka Floristic Archives (Kastikka Ark),jääleinikki (fi) — Ranunculus glacialis,69.266889,21.384812,2011-07-26
Suomi,Kastikka Floristic Archives (Kastikka Ark),jääleinikki (fi) — Ranunculus glacialis,69.258786,21.412296,2011-07-26
Suomi,Kastikka Floristic Archives (Kastikka Ark),jääleinikki (fi) — Ranunculus glacialis,69.269334,21.460358,2011-07-26
Suomi,Kastikka Floristic Archives (Kastikka Ark),jääleinikki (fi) — Ranunculus glacialis,69.268523,21.435174,2011-07-26
Suomi,Kastikka Floristic Archives (Kastikka Ark),jääleinikki (fi) — Ranunculus glacialis,69.300092,21.299883,2011-07-25
Suomi,LajiGIS: Species monitoring sites,jääleinikki (fi) — Ranunculus glacialis,69.274451,21.311251,2011-07-23
Suomi,Kastikka Floristic Archives (Kastikka Ark),jääleinikki (fi) — Ranunculus glacialis,69.285551,21.405378,2011-07-23
Suomi,Kastikka Floristic Archives (Kastikka Ark),jääleinikki (fi) — Ranunculus glacialis,69.296101,21.453496,2011-07-23
Suomi,Kastikka Floristic Archives (Kastikka Ark),jääleinikki (fi) — Ranunculus glacialis,69.27581,21.382496,2011-07-23
Suomi,Kastikka Floristic Archives (Kastikka Ark),jääleinikki (fi) — Ranunculus glacialis,69.286367,21.43058,2011-07-23
Suomi,Kastikka Floristic Archives (Kastikka Ark),jääleinikki (fi) — Ranunculus glacialis,69.266889,21.384812,2011-07-23
Suomi,Kastikka Floristic Archives (Kastikka Ark),jääleinikki (fi) — Ranunculus glacialis,69.278256,21.458073,2011-07-23
Suomi,Kastikka Floristic Archives (Kastikka Ark),jääleinikki (fi) — Ranunculus glacialis,69.284732,21.380177,2011-07-23
Suomi,Kastikka Floristic Archives (Kastikka Ark),jääleinikki (fi) — Ranunculus glacialis,69.282252,21.304588,2011-07-22
Suomi,Kastikka Floristic Archives (Kastikka Ark),jääleinikki (fi) — Ranunculus glacialis,69.273332,21.306936,2011-07-22
Suomi,Kastikka Floristic Archives (Kastikka Ark),jääleinikki (fi) — Ranunculus glacialis,69.265241,21.334457,2011-07-22
Suomi,LajiGIS: Species monitoring sites,jääleinikki (fi) — Ranunculus glacialis,69.268637,21.35785,2011-07-21
Suomi,Kastikka Floristic Archives (Kastikka Ark),jääleinikki (fi) — Ranunculus glacialis,69.266066,21.359634,2011-07-21
Suomi,Kastikka Floristic Archives (Kastikka Ark),jääleinikki (fi) — Ranunculus glacialis,69.274988,21.357307,2011-07-21
Suomi,LajiGIS: Species monitoring sites,jääleinikki (fi) — Ranunculus glacialis,69.079585,20.687226,2010-10-25
Suomi,LajiGIS: Species monitoring sites,jääleinikki (fi) — Ranunculus glacialis,69.091337,20.666372,2010-08-26
Suomi,LajiGIS: Species monitoring sites,jääleinikki (fi) — Ranunculus glacialis,69.092358,20.645568,2010-08-26
Suomi,LajiGIS: Species monitoring sites,jääleinikki (fi) — Ranunculus glacialis,69.08304,20.666636,2010-08-25
Suomi,LajiGIS: Species monitoring sites,jääleinikki (fi) — Ranunculus glacialis,69.073127,20.685312,2010-08-12
Suomi,LajiGIS: Species monitoring sites,jääleinikki (fi) — Ranunculus glacialis,69.28567,21.342573,2010-07-28
Suomi,LajiGIS: Species monitoring sites,jääleinikki (fi) — Ranunculus glacialis,69.073437,20.663247,2010-07-28
Suomi,JYV - Bryophyte collections,jääleinikki (fi) — Ranunculus glacialis,69.285555,21.32481,2010-07-28
Suomi,Kastikka Floristic Archives (Kastikka Ark),jääleinikki (fi) — Ranunculus glacialis,69.121303,21.069143,2010-07-28
Suomi,Kastikka Floristic Archives (Kastikka Ark),jääleinikki (fi) — Ranunculus glacialis,69.122166,21.094142,2010-07-28
Suomi,Kastikka Floristic Archives (Kastikka Ark),jääleinikki (fi) — Ranunculus glacialis,69.114109,21.121548,2010-07-28
Suomi,Kastikka Floristic Archives (Kastikka Ark),jääleinikki (fi) — Ranunculus glacialis,69.11325,21.096557,2010-07-28
Suomi,Kastikka Floristic Archives (Kastikka Ark),jääleinikki (fi) — Ranunculus glacialis,69.112386,21.071568,2010-07-28
Suomi,Kastikka Floristic Archives (Kastikka Ark),jääleinikki (fi) — Ranunculus glacialis,69.112386,21.071568,2010-07-28
Suomi,Kastikka Floristic Archives (Kastikka Ark),jääleinikki (fi) — Ranunculus glacialis,69.088212,21.153713,2010-07-27
Suomi,Kastikka Floristic Archives (Kastikka Ark),jääleinikki (fi) — Ranunculus glacialis,69.107748,21.198905,2010-07-26
Suomi,LajiGIS: Species monitoring sites,jääleinikki (fi) — Ranunculus glacialis,69.285573,21.324825,2010-07-25
Suomi,Kastikka Floristic Archives (Kastikka Ark),jääleinikki (fi) — Ranunculus glacialis,69.114966,21.146541,2010-07-25
Suomi,LajiGIS: Species monitoring sites,jääleinikki (fi) — Ranunculus glacialis,69.091348,20.670556,2010-07-13
Suomi,LajiGIS: Species monitoring sites,jääleinikki (fi) — Ranunculus glacialis,69.091179,20.669167,2010-07-13
Suomi,LajiGIS: Species monitoring sites,jääleinikki (fi) — Ranunculus glacialis,69.087641,20.658063,2010-07-13
Suomi,LajiGIS: Species monitoring sites,jääleinikki (fi) — Ranunculus glacialis,69.08652,20.658691,2010-07-13
Suomi,LajiGIS: Species monitoring sites,jääleinikki (fi) — Ranunculus glacialis,69.076675,20.689907,2010-07-06
Suomi,LajiGIS: Species monitoring sites,jääleinikki (fi) — Ranunculus glacialis,69.077628,20.690085,2010-07-06
Suomi,LajiGIS: Species monitoring sites,jääleinikki (fi) — Ranunculus glacialis,69.079382,20.688293,2010-07-06
Suomi,LajiGIS: Species monitoring sites,jääleinikki (fi) — Ranunculus glacialis,69.059254,20.748503,2010-07-03
Suomi,LajiGIS: Species monitoring sites,jääleinikki (fi) — Ranunculus glacialis,69.110205,21.161722,2009-08-06
Suomi,LajiGIS: Species monitoring sites,jääleinikki (fi) — Ranunculus glacialis,69.111194,21.156664,2009-08-06
Suomi,LajiGIS: Species monitoring sites,jääleinikki (fi) — Ranunculus glacialis,69.196922,21.487738,2009-08-04
Suomi,LajiGIS: Species monitoring sites,jääleinikki (fi) — Ranunculus glacialis,69.227636,21.41155,2009-08-03
Suomi,Hatikka.fi observations,jääleinikki (fi) — Ranunculus glacialis,69.082806,20.838631,2009-07-30 [19:31-19:32]
Suomi,Hatikka.fi observations,jääleinikki (fi) — Ranunculus glacialis,69.10302,21.220351,2009-07-24 [22:13]
Suomi,LajiGIS: Species monitoring sites,jääleinikki (fi) — Ranunculus glacialis,69.081086,20.812302,2009-07-22
Suomi,LajiGIS: Species monitoring sites,jääleinikki (fi) — Ranunculus glacialis,69.065652,20.91097,2009-07-21
Suomi,LajiGIS: Species monitoring sites,jääleinikki (fi) — Ranunculus glacialis,69.064585,20.890138,2009-07-21
Suomi,LajiGIS: Species monitoring sites,jääleinikki (fi) — Ranunculus glacialis,69.073963,20.88041,2009-07-21
Suomi,LajiGIS: Species monitoring sites,jääleinikki (fi) — Ranunculus glacialis,69.073912,20.901386,2009-07-21
Suomi,LajiGIS: Species monitoring sites,jääleinikki (fi) — Ranunculus glacialis,69.071304,20.870549,2009-07-21
Norja,Hatikka.fi observations,jääleinikki (fi) — Ranunculus glacialis,,,2009-07-21 [16:05-16:56]
Norja,Hatikka.fi observations,jääleinikki (fi) — Ranunculus glacialis,,,2009-07-21 [16:05-16:56]
Norja,Hatikka.fi observations,jääleinikki (fi) — Ranunculus glacialis,,,2009-07-21 [16:05-16:56]
Suomi,Hatikka.fi observations,jääleinikki (fi) — Ranunculus glacialis,69.277178,21.292354,2009-07-21 [12:39-12:41]
Suomi,Hatikka.fi observations,jääleinikki (fi) — Ranunculus glacialis,69.102855,21.218907,2009-07-19 [20:25-20:26]
Suomi,LajiGIS: Species monitoring sites,jääleinikki (fi) — Ranunculus glacialis,69.087466,20.840572,2009-06-30
Suomi,LajiGIS: Species monitoring sites,jääleinikki (fi) — Ranunculus glacialis,69.058946,20.748213,2008-08-12
Suomi,LajiGIS: Species monitoring sites,jääleinikki (fi) — Ranunculus glacialis,69.044409,20.866234,2008-07-29
Suomi,Kastikka Floristic Archives (Kastikka Ark),jääleinikki (fi) — Ranunculus glacialis,69.226225,21.243264,2008-07-17
Suomi,Kastikka Floristic Archives (Kastikka Ark),jääleinikki (fi) — Ranunculus glacialis,69.225382,21.218139,2008-07-17
Suomi,Kastikka Floristic Archives (Kastikka Ark),jääleinikki (fi) — Ranunculus glacialis,69.223686,21.167896,2008-07-16
Suomi,Kastikka Floristic Archives (Kastikka Ark),jääleinikki (fi) — Ranunculus glacialis,69.232604,21.165495,2008-07-16
Suomi,Kastikka Floristic Archives (Kastikka Ark),jääleinikki (fi) — Ranunculus glacialis,69.214768,21.170293,2008-07-16
Suomi,LajiGIS: Species monitoring sites,jääleinikki (fi) — Ranunculus glacialis,69.20465,21.126161,2008-07-15
Suomi,Kastikka Floristic Archives (Kastikka Ark),jääleinikki (fi) — Ranunculus glacialis,69.204141,21.122495,2008-07-15
Suomi,Kastikka Floristic Archives (Kastikka Ark),jääleinikki (fi) — Ranunculus glacialis,69.19608,21.149995,2008-07-14
Suomi,Kastikka Floristic Archives (Kastikka Ark),jääleinikki (fi) — Ranunculus glacialis,69.195223,21.124909,2008-07-14
Suomi,Kastikka Floristic Archives (Kastikka Ark),jääleinikki (fi) — Ranunculus glacialis,69.187162,21.152397,2008-07-14
Suomi,Kastikka Floristic Archives (Kastikka Ark),jääleinikki (fi) — Ranunculus glacialis,69.217305,21.245632,2008-07-13
Suomi,Kastikka Floristic Archives (Kastikka Ark),jääleinikki (fi) — Ranunculus glacialis,69.216464,21.220516,2008-07-13
Suomi,Hatikka.fi observations,jääleinikki (fi) — Ranunculus glacialis,69.046036,20.850364,2008-07-08
Suomi,Kastikka Floristic Archives (Kastikka Ark),jääleinikki (fi) — Ranunculus glacialis,69.210466,21.044768,2007-07-23
Suomi,Kastikka Floristic Archives (Kastikka Ark),jääleinikki (fi) — Ranunculus glacialis,69.211334,21.069873,2007-07-23
Suomi,Kastikka Floristic Archives (Kastikka Ark),jääleinikki (fi) — Ranunculus glacialis,69.213915,21.145185,2007-07-22
Suomi,Kastikka Floristic Archives (Kastikka Ark),jääleinikki (fi) — Ranunculus glacialis,69.213058,21.120079,2007-07-22
Suomi,Kastikka Floristic Archives (Kastikka Ark),jääleinikki (fi) — Ranunculus glacialis,69.222832,21.142777,2007-07-22
Suomi,Kastikka Floristic Archives (Kastikka Ark),jääleinikki (fi) — Ranunculus glacialis,69.221114,21.092547,2007-07-22
Suomi,Kastikka Floristic Archives (Kastikka Ark),jääleinikki (fi) — Ranunculus glacialis,69.20872,20.99458,2007-07-21
Suomi,Kastikka Floristic Archives (Kastikka Ark),jääleinikki (fi) — Ranunculus glacialis,69.217635,20.99211,2007-07-21
Suomi,Kastikka Floristic Archives (Kastikka Ark),jääleinikki (fi) — Ranunculus glacialis,69.218511,21.017216,2007-07-21
Suomi,Kastikka Floristic Archives (Kastikka Ark),jääleinikki (fi) — Ranunculus glacialis,69.209595,21.019675,2007-07-21
Suomi,LajiGIS: Species monitoring sites,jääleinikki (fi) — Ranunculus glacialis,69.206218,21.110406,2007-07-20
Suomi,Kastikka Floristic Archives (Kastikka Ark),jääleinikki (fi) — Ranunculus glacialis,69.202417,21.072309,2007-07-20
Suomi,Kastikka Floristic Archives (Kastikka Ark),jääleinikki (fi) — Ranunculus glacialis,69.19608,21.149995,2007-07-20
Suomi,Kastikka Floristic Archives (Kastikka Ark),jääleinikki (fi) — Ranunculus glacialis,69.203281,21.097401,2007-07-20
Suomi,Kastikka Floristic Archives (Kastikka Ark),jääleinikki (fi) — Ranunculus glacialis,69.204141,21.122495,2007-07-20
Suomi,Kastikka Floristic Archives (Kastikka Ark),jääleinikki (fi) — Ranunculus glacialis,69.212198,21.094975,2007-07-20
Suomi,LajiGIS: Species monitoring sites,jääleinikki (fi) — Ranunculus glacialis,69.201209,21.050985,2007-07-19
Suomi,Kastikka Floristic Archives (Kastikka Ark),jääleinikki (fi) — Ranunculus glacialis,69.175668,21.079606,2007-07-19
Suomi,Kastikka Floristic Archives (Kastikka Ark),jääleinikki (fi) — Ranunculus glacialis,69.183718,21.052107,2007-07-19
Suomi,Kastikka Floristic Archives (Kastikka Ark),jääleinikki (fi) — Ranunculus glacialis,69.17653,21.104667,2007-07-19
Suomi,Kastikka Floristic Archives (Kastikka Ark),jääleinikki (fi) — Ranunculus glacialis,69.185447,21.102247,2007-07-19
Suomi,Kastikka Floristic Archives (Kastikka Ark),jääleinikki (fi) — Ranunculus glacialis,69.192633,21.049664,2007-07-19
Suomi,Kastikka Floristic Archives (Kastikka Ark),jääleinikki (fi) — Ranunculus glacialis,69.184584,21.077176,2007-07-19
Suomi,Kastikka Floristic Archives (Kastikka Ark),jääleinikki (fi) — Ranunculus glacialis,69.193501,21.074744,2007-07-19
Suomi,Kastikka Floristic Archives (Kastikka Ark),jääleinikki (fi) — Ranunculus glacialis,69.20155,21.047214,2007-07-18
Suomi,Kastikka Floristic Archives (Kastikka Ark),jääleinikki (fi) — Ranunculus glacialis,69.062559,20.934078,2007-07-12
Suomi,Kastikka Floristic Archives (Kastikka Ark),jääleinikki (fi) — Ranunculus glacialis,69.070587,20.90667,2007-07-12
Norja,Hatikka.fi observations,jääleinikki (fi) — Ranunculus glacialis,68.8211,19.1306,2006-12-19
Suomi,Kastikka Floristic Archives (Kastikka Ark),jääleinikki (fi) — Ranunculus glacialis,69.251488,21.464924,2006-07-22
Suomi,Kastikka Floristic Archives (Kastikka Ark),jääleinikki (fi) — Ranunculus glacialis,69.240943,21.416898,2006-07-22
Suomi,Kastikka Floristic Archives (Kastikka Ark),jääleinikki (fi) — Ranunculus glacialis,69.250678,21.43976,2006-07-22
Suomi,Kastikka Floristic Archives (Kastikka Ark),jääleinikki (fi) — Ranunculus glacialis,69.232021,21.419196,2006-07-22
Suomi,Kastikka Floristic Archives (Kastikka Ark),jääleinikki (fi) — Ranunculus glacialis,69.241756,21.44205,2006-07-22
Suomi,Kastikka Floristic Archives (Kastikka Ark),jääleinikki (fi) — Ranunculus glacialis,69.223099,21.421492,2006-07-22
Suomi,Kastikka Floristic Archives (Kastikka Ark),jääleinikki (fi) — Ranunculus glacialis,69.259601,21.437468,2006-07-22
Suomi,Kastikka Floristic Archives (Kastikka Ark),jääleinikki (fi) — Ranunculus glacialis,69.260411,21.462642,2006-07-22
Suomi,Kastikka Floristic Archives (Kastikka Ark),jääleinikki (fi) — Ranunculus glacialis,69.233643,21.469481,2006-07-22
Suomi,Kastikka Floristic Archives (Kastikka Ark),jääleinikki (fi) — Ranunculus glacialis,69.242566,21.467203,2006-07-22
Suomi,Kastikka Floristic Archives (Kastikka Ark),jääleinikki (fi) — Ranunculus glacialis,69.18741,21.430656,2006-07-20
Suomi,Kastikka Floristic Archives (Kastikka Ark),jääleinikki (fi) — Ranunculus glacialis,69.197952,21.478571,2006-07-19
Suomi,Kastikka Floristic Archives (Kastikka Ark),jääleinikki (fi) — Ranunculus glacialis,69.189833,21.505933,2006-07-18 - 2006-07-19
Suomi,Kastikka Floristic Archives (Kastikka Ark),jääleinikki (fi) — Ranunculus glacialis,69.205254,21.426077,2006-07-17 - 2006-07-18
Suomi,Kastikka Floristic Archives (Kastikka Ark),jääleinikki (fi) — Ranunculus glacialis,69.204438,21.400969,2006-07-17
Suomi,Kastikka Floristic Archives (Kastikka Ark),jääleinikki (fi) — Ranunculus glacialis,69.047722,20.858954,2005-07-26
Suomi,Kastikka Floristic Archives (Kastikka Ark),jääleinikki (fi) — Ranunculus glacialis,69.052712,20.847489,2005-07-26
Suomi,Kastikka Floristic Archives (Kastikka Ark),jääleinikki (fi) — Ranunculus glacialis,69.222138,21.675084,2005-07-22
Suomi,Kastikka Floristic Archives (Kastikka Ark),jääleinikki (fi) — Ranunculus glacialis,69.239208,21.645539,2005-07-21
Suomi,Kastikka Floristic Archives (Kastikka Ark),jääleinikki (fi) — Ranunculus glacialis,69.248914,21.668503,2005-07-21
Suomi,Kastikka Floristic Archives (Kastikka Ark),jääleinikki (fi) — Ranunculus glacialis,69.248134,21.643333,2005-07-21
Suomi,Kastikka Floristic Archives (Kastikka Ark),jääleinikki (fi) — Ranunculus glacialis,69.257841,21.666305,2005-07-21
Suomi,Kastikka Floristic Archives (Kastikka Ark),jääleinikki (fi) — Ranunculus glacialis,69.087357,21.128751,2004-07-26
Suomi,Kastikka Floristic Archives (Kastikka Ark),jääleinikki (fi) — Ranunculus glacialis,69.021071,21.297192,2004-07-25
Suomi,Kastikka Floristic Archives (Kastikka Ark),jääleinikki (fi) — Ranunculus glacialis,69.001561,21.252086,2004-07-24
Suomi,Kastikka Floristic Archives (Kastikka Ark),jääleinikki (fi) — Ranunculus glacialis,69.002398,21.276958,2004-07-24
Suomi,Kastikka Floristic Archives (Kastikka Ark),jääleinikki (fi) — Ranunculus glacialis,69.011317,21.274629,2004-07-24
Suomi,Kastikka Floristic Archives (Kastikka Ark),jääleinikki (fi) — Ranunculus glacialis,68.993478,21.279283,2004-07-24
Suomi,Hatikka.fi observations,jääleinikki (fi) — Ranunculus glacialis,69.056641,20.899567,2004-07-12 [15:54-16:02]
Suomi,Kastikka Floristic Archives (Kastikka Ark),jääleinikki (fi) — Ranunculus glacialis,69.174379,21.307571,2003-07-31
Suomi,Kastikka Floristic Archives (Kastikka Ark),jääleinikki (fi) — Ranunculus glacialis,69.130604,21.344243,2003-07-30
Suomi,Kastikka Floristic Archives (Kastikka Ark),jääleinikki (fi) — Ranunculus glacialis,69.139524,21.341926,2003-07-30
Suomi,Kastikka Floristic Archives (Kastikka Ark),jääleinikki (fi) — Ranunculus glacialis,69.129777,21.319223,2003-07-30
Suomi,Kastikka Floristic Archives (Kastikka Ark),jääleinikki (fi) — Ranunculus glacialis,69.119191,21.271535,2003-07-30
Suomi,Kastikka Floristic Archives (Kastikka Ark),jääleinikki (fi) — Ranunculus glacialis,69.146785,21.289531,2003-07-30
Suomi,Kastikka Floristic Archives (Kastikka Ark),jääleinikki (fi) — Ranunculus glacialis,69.175207,21.332641,2003-07-29
Suomi,Kastikka Floristic Archives (Kastikka Ark),jääleinikki (fi) — Ranunculus glacialis,69.162106,21.209687,2003-07-28
Suomi,LajiGIS: Species monitoring sites,jääleinikki (fi) — Ranunculus glacialis,69.052395,20.848639,2003-07-23
Suomi,LajiGIS: Species monitoring sites,jääleinikki (fi) — Ranunculus glacialis,69.051739,20.849176,2003-07-18
Suomi,LajiGIS: Species monitoring sites,jääleinikki (fi) — Ranunculus glacialis,69.173573,21.268748,2003-07-17
Suomi,LajiGIS: Species monitoring sites,jääleinikki (fi) — Ranunculus glacialis,69.171306,21.27013,2003-07-16 - 2003-07-17
Suomi,LajiGIS: Species monitoring sites,jääleinikki (fi) — Ranunculus glacialis,69.292952,21.249733,2002-08-10
Suomi,Kastikka Floristic Archives (Kastikka Ark),jääleinikki (fi) — Ranunculus glacialis,69.2895,21.251832,2002-08-10
Suomi,Kastikka Floristic Archives (Kastikka Ark),jääleinikki (fi) — Ranunculus glacialis,69.288658,21.226634,2002-08-10
Suomi,Kastikka Floristic Archives (Kastikka Ark),jääleinikki (fi) — Ranunculus glacialis,69.278895,21.20383,2002-08-10
Suomi,Kastikka Floristic Archives (Kastikka Ark),jääleinikki (fi) — Ranunculus glacialis,69.271661,21.256574,2002-08-09
Suomi,Kastikka Floristic Archives (Kastikka Ark),jääleinikki (fi) — Ranunculus glacialis,69.281418,21.279395,2002-08-09
Suomi,Kastikka Floristic Archives (Kastikka Ark),jääleinikki (fi) — Ranunculus glacialis,69.263578,21.284112,2002-08-09
Suomi,Kastikka Floristic Archives (Kastikka Ark),jääleinikki (fi) — Ranunculus glacialis,69.272499,21.281754,2002-08-09
Suomi,Kastikka Floristic Archives (Kastikka Ark),jääleinikki (fi) — Ranunculus glacialis,69.261901,21.233774,2002-08-09
Suomi,Kastikka Floristic Archives (Kastikka Ark),jääleinikki (fi) — Ranunculus glacialis,69.261057,21.208608,2002-08-09
Suomi,Kastikka Floristic Archives (Kastikka Ark),jääleinikki (fi) — Ranunculus glacialis,69.242372,21.188235,2002-08-08
Suomi,Kastikka Floristic Archives (Kastikka Ark),jääleinikki (fi) — Ranunculus glacialis,69.233454,21.190627,2002-08-08
Suomi,Kastikka Floristic Archives (Kastikka Ark),jääleinikki (fi) — Ranunculus glacialis,69.224536,21.193016,2002-08-08
Suomi,Kastikka Floristic Archives (Kastikka Ark),jääleinikki (fi) — Ranunculus glacialis,69.234301,21.21576,2002-08-08
Suomi,Kastikka Floristic Archives (Kastikka Ark),jääleinikki (fi) — Ranunculus glacialis,69.216464,21.220516,2002-08-08
Suomi,Kastikka Floristic Archives (Kastikka Ark),jääleinikki (fi) — Ranunculus glacialis,69.225382,21.218139,2002-08-08
Suomi,Kastikka Floristic Archives (Kastikka Ark),jääleinikki (fi) — Ranunculus glacialis,69.231203,21.394056,2002-08-07
Suomi,Kastikka Floristic Archives (Kastikka Ark),jääleinikki (fi) — Ranunculus glacialis,69.230383,21.36892,2002-08-07
Suomi,Kastikka Floristic Archives (Kastikka Ark),jääleinikki (fi) — Ranunculus glacialis,69.232021,21.419196,2002-08-07
Suomi,Kastikka Floristic Archives (Kastikka Ark),jääleinikki (fi) — Ranunculus glacialis,69.238479,21.341456,2002-08-07
Suomi,Kastikka Floristic Archives (Kastikka Ark),jääleinikki (fi) — Ranunculus glacialis,69.237651,21.316313,2002-08-07
Suomi,"TUR-A Vascular plant collections of the Åbo Akademi, Herbarium generale",jääleinikki (fi) — Ranunculus glacialis,69.229973,21.404638,2002-08-07
Suomi,LajiGIS: Species monitoring sites,jääleinikki (fi) — Ranunculus glacialis,69.266172,21.132785,2002-08-06
Suomi,"Bryophyte collection of the Botanical Museum, University of Oulu (OULU) (HERBARIUM UNIVERSITATIS OULUENSIS)",jääleinikki (fi) — Ranunculus glacialis,69.266155,21.132786,2002-08-06
Suomi,Kastikka Floristic Archives (Kastikka Ark),jääleinikki (fi) — Ranunculus glacialis,69.268276,21.155875,2002-08-06
Suomi,Kastikka Floristic Archives (Kastikka Ark),jääleinikki (fi) — Ranunculus glacialis,69.260209,21.183445,2002-08-06
Suomi,Kastikka Floristic Archives (Kastikka Ark),jääleinikki (fi) — Ranunculus glacialis,69.269127,21.181047,2002-08-06
Suomi,Kastikka Floristic Archives (Kastikka Ark),jääleinikki (fi) — Ranunculus glacialis,69.276338,21.128284,2002-08-06
Suomi,Kastikka Floristic Archives (Kastikka Ark),jääleinikki (fi) — Ranunculus glacialis,69.069696,20.881739,2002-08-05
Suomi,Kastikka Floristic Archives (Kastikka Ark),jääleinikki (fi) — Ranunculus glacialis,69.077715,20.854302,2002-08-05
Suomi,Kastikka Floristic Archives (Kastikka Ark),jääleinikki (fi) — Ranunculus glacialis,69.07861,20.879241,2002-08-05
Suomi,Kastikka Floristic Archives (Kastikka Ark),jääleinikki (fi) — Ranunculus glacialis,68.976907,21.058025,2002-07-30
Suomi,Kastikka Floristic Archives (Kastikka Ark),jääleinikki (fi) — Ranunculus glacialis,69.042063,20.864317,2002-07-25
Suomi,Kastikka Floristic Archives (Kastikka Ark),jääleinikki (fi) — Ranunculus glacialis,69.052343,20.850989,2002-07-18
Suomi,Vascular Plant Herbarium,jääleinikki (fi) — Ranunculus glacialis,69.04603,20.861945,2002-07-08
Suomi,Vascular Plant Herbarium,jääleinikki (fi) — Ranunculus glacialis,69.04603,20.861945,2002-07-08
Suomi,Kastikka Floristic Archives (Kastikka Ark),jääleinikki (fi) — Ranunculus glacialis,69.075915,20.80443,2001-07-26
Suomi,"TUR Vascular plant collections of the Turku University, Herbarium generale",jääleinikki (fi) — Ranunculus glacialis,69.196332,21.428368,2001-07-17
Suomi,Kastikka Floristic Archives (Kastikka Ark),jääleinikki (fi) — Ranunculus glacialis,69.085729,20.826846,2000-08-17
Suomi,Kastikka Floristic Archives (Kastikka Ark),jääleinikki (fi) — Ranunculus glacialis,69.216603,21.499154,2000-07-29
Suomi,Kastikka Floristic Archives (Kastikka Ark),jääleinikki (fi) — Ranunculus glacialis,69.209279,21.551651,2000-07-29
Suomi,Kastikka Floristic Archives (Kastikka Ark),jääleinikki (fi) — Ranunculus glacialis,69.199557,21.528782,2000-07-29
Suomi,Kastikka Floristic Archives (Kastikka Ark),jääleinikki (fi) — Ranunculus glacialis,69.212433,21.652145,2000-07-28
Suomi,Kastikka Floristic Archives (Kastikka Ark),jääleinikki (fi) — Ranunculus glacialis,69.213212,21.677274,2000-07-28
Suomi,Kastikka Floristic Archives (Kastikka Ark),jääleinikki (fi) — Ranunculus glacialis,69.213988,21.702404,2000-07-28
Suomi,Kastikka Floristic Archives (Kastikka Ark),jääleinikki (fi) — Ranunculus glacialis,69.279064,21.483269,2000-07-27
Suomi,Kastikka Floristic Archives (Kastikka Ark),jääleinikki (fi) — Ranunculus glacialis,69.293653,21.377857,2000-07-26
Suomi,Kastikka Floristic Archives (Kastikka Ark),jääleinikki (fi) — Ranunculus glacialis,69.300923,21.325098,2000-07-26
Suomi,Kastikka Floristic Archives (Kastikka Ark),jääleinikki (fi) — Ranunculus glacialis,69.30175,21.350315,2000-07-26
Suomi,Kastikka Floristic Archives (Kastikka Ark),jääleinikki (fi) — Ranunculus glacialis,69.305736,21.265189,2000-07-25
Suomi,Kastikka Floristic Archives (Kastikka Ark),jääleinikki (fi) — Ranunculus glacialis,69.300092,21.299883,2000-07-25
Suomi,Kastikka Floristic Archives (Kastikka Ark),jääleinikki (fi) — Ranunculus glacialis,69.210466,21.044768,1999-08-18
Suomi,Kastikka Floristic Archives (Kastikka Ark),jääleinikki (fi) — Ranunculus glacialis,69.192633,21.049664,1999-08-18
Suomi,Kastikka Floristic Archives (Kastikka Ark),jääleinikki (fi) — Ranunculus glacialis,69.13022,21.066716,1999-08-17
Suomi,Kastikka Floristic Archives (Kastikka Ark),jääleinikki (fi) — Ranunculus glacialis,69.14,21.089305,1999-08-17
Suomi,Kastikka Floristic Archives (Kastikka Ark),jääleinikki (fi) — Ranunculus glacialis,69.131084,21.091724,1999-08-17
Suomi,"Vascular plant collections of the Botanical Museum, University of Oulu (OULU)",jääleinikki (fi) — Ranunculus glacialis,69.096274,21.126352,1998-08-12
Suomi,Kastikka Floristic Archives (Kastikka Ark),jääleinikki (fi) — Ranunculus glacialis,69.096274,21.126352,1998-08-12
Suomi,Kastikka Floristic Archives (Kastikka Ark),jääleinikki (fi) — Ranunculus glacialis,69.088212,21.153713,1998-08-11
Suomi,"Vascular plant collections of the Botanical Museum, University of Oulu (OULU)",jääleinikki (fi) — Ranunculus glacialis,69.017015,21.296989,1998-08-09
Suomi,Kastikka Floristic Archives (Kastikka Ark),jääleinikki (fi) — Ranunculus glacialis,69.012151,21.299512,1998-08-09
Suomi,Kastikka Floristic Archives (Kastikka Ark),jääleinikki (fi) — Ranunculus glacialis,69.010481,21.249749,1998-08-09
Suomi,Kastikka Floristic Archives (Kastikka Ark),jääleinikki (fi) — Ranunculus glacialis,69.021071,21.297192,1998-08-09
Suomi,LajiGIS: Species monitoring sites,jääleinikki (fi) — Ranunculus glacialis,69.207486,21.11589,1998-07-28
Suomi,LajiGIS: Species monitoring sites,jääleinikki (fi) — Ranunculus glacialis,69.067797,20.865916,1998-07-28
Suomi,LajiGIS: Species monitoring sites,jääleinikki (fi) — Ranunculus glacialis,69.209522,21.110143,1998-07-28
Suomi,Vascular Plant Herbarium,jääleinikki (fi) — Ranunculus glacialis,69.077715,20.854302,1998-07-28
Suomi,"Vascular plant collections of the Botanical Museum, University of Oulu (OULU)",jääleinikki (fi) — Ranunculus glacialis,69.067779,20.865907,1998-07-28
Suomi,Kastikka Floristic Archives (Kastikka Ark),jääleinikki (fi) — Ranunculus glacialis,69.212198,21.094975,1998-07-28
Suomi,LajiGIS: Species monitoring sites,jääleinikki (fi) — Ranunculus glacialis,69.094662,20.824314,1998-07-27
Suomi,"Vascular plant collections of the Botanical Museum, University of Oulu (OULU)",jääleinikki (fi) — Ranunculus glacialis,69.094642,20.824324,1998-07-27
Suomi,Kastikka Floristic Archives (Kastikka Ark),jääleinikki (fi) — Ranunculus glacialis,69.182507,21.558363,1998-07-19
Suomi,Kastikka Floristic Archives (Kastikka Ark),jääleinikki (fi) — Ranunculus glacialis,69.182507,21.558363,1998-07-19
Suomi,"Bryophyte collection of the Botanical Museum, University of Oulu (OULU) (HERBARIUM UNIVERSITATIS OULUENSIS)",jääleinikki (fi) — Ranunculus glacialis,69.084827,20.801896,1992-06-13
Suomi,"Lajitietokeskus/FinBIF - Notebook, general observations",jääleinikki (fi) — Ranunculus glacialis,69.020265,20.898134,1990-08-13 - 1990-08-24
Suomi,"Vascular plant collections of the Botanical Museum, University of Oulu (OULU)",jääleinikki (fi) — Ranunculus glacialis,69.274988,21.357307,1990-07-25
Suomi,"Vascular plant collections of the Botanical Museum, University of Oulu (OULU)",jääleinikki (fi) — Ranunculus glacialis,69.209387,21.400956,1990-07-25
Suomi,Vascular Plant Herbarium,jääleinikki (fi) — Ranunculus glacialis,69.043136,20.855338,1990-07-10
Suomi,Vascular Plant Herbarium,jääleinikki (fi) — Ranunculus glacialis,69.043136,20.855338,1990-07-10
Suomi,Kastikka Floristic Archives (Kastikka Ark),jääleinikki (fi) — Ranunculus glacialis,69.127483,21.117965,1989-07-21
Suomi,Kastikka Floristic Archives (Kastikka Ark),jääleinikki (fi) — Ranunculus glacialis,69.017716,21.197633,1989-07-21
Suomi,Kastikka Floristic Archives (Kastikka Ark),jääleinikki (fi) — Ranunculus glacialis,69.033851,21.1431,1989-07-21
Suomi,Kastikka Floristic Archives (Kastikka Ark),jääleinikki (fi) — Ranunculus glacialis,69.098829,21.201276,1989-07-20
Suomi,"Vascular plant collections of the Botanical Museum, University of Oulu (OULU)",jääleinikki (fi) — Ranunculus glacialis,69.107748,21.198905,1989-07-18
Suomi,Kastikka Floristic Archives (Kastikka Ark),jääleinikki (fi) — Ranunculus glacialis,69.290338,21.277028,1988-08-02
Suomi,Kastikka Floristic Archives (Kastikka Ark),jääleinikki (fi) — Ranunculus glacialis,69.307338,21.247084,1988-08-02
Suomi,Kastikka Floristic Archives (Kastikka Ark),jääleinikki (fi) — Ranunculus glacialis,69.308177,21.272305,1988-08-02
Suomi,Kastikka Floristic Archives (Kastikka Ark),jääleinikki (fi) — Ranunculus glacialis,69.300092,21.299883,1988-08-02
Suomi,Kastikka Floristic Archives (Kastikka Ark),jääleinikki (fi) — Ranunculus glacialis,69.299257,21.27467,1988-08-02
Suomi,Kastikka Floristic Archives (Kastikka Ark),jääleinikki (fi) — Ranunculus glacialis,69.309012,21.297528,1988-08-02
Suomi,Kastikka Floristic Archives (Kastikka Ark),jääleinikki (fi) — Ranunculus glacialis,69.2895,21.251832,1988-08-02
Suomi,Kastikka Floristic Archives (Kastikka Ark),jääleinikki (fi) — Ranunculus glacialis,69.298419,21.24946,1988-08-02
Suomi,"Vascular plant collections of the Botanical Museum, University of Oulu (OULU)",jääleinikki (fi) — Ranunculus glacialis,69.303787,21.262019,1988-07-02
Suomi,"Vascular plant collections of the Botanical Museum, University of Oulu (OULU)",jääleinikki (fi) — Ranunculus glacialis,69.303787,21.262019,1988-07-02
Suomi,Kastikka Floristic Archives (Kastikka Ark),jääleinikki (fi) — Ranunculus glacialis,69.105193,21.123951,1987-07-24
Suomi,Kastikka Floristic Archives (Kastikka Ark),jääleinikki (fi) — Ranunculus glacialis,69.096274,21.126352,1987-07-24
Suomi,LajiGIS: Species monitoring sites,jääleinikki (fi) — Ranunculus glacialis,69.048356,20.826068,1986-07-13
Suomi,LajiGIS: Species monitoring sites,jääleinikki (fi) — Ranunculus glacialis,69.054156,20.837017,1986-07-13
Suomi,"Vascular plant collections of the Botanical Museum, University of Oulu (OULU)",jääleinikki (fi) — Ranunculus glacialis,69.054135,20.837023,1986-07-13
Suomi,"Vascular plant collections of the Botanical Museum, University of Oulu (OULU)",jääleinikki (fi) — Ranunculus glacialis,69.048338,20.826078,1986-07-13
Norja,"TUR-A Vascular plant collections of the Åbo Akademi, Herbarium generale",jääleinikki (fi) — Ranunculus glacialis,,,1982-08-04
Ranska,Main vascular plant collection of Iisalmi Natural History Museum,jääleinikki (fi) — Ranunculus glacialis,,,1980-07-23
Ranska,Main vascular plant collection of Iisalmi Natural History Museum,jääleinikki (fi) — Ranunculus glacialis,,,1980-07-23
Suomi,Herbarium of The Ark Nature Centre,jääleinikki (fi) — Ranunculus glacialis,68.713901,22.787894,1976-07-28
Suomi,LajiGIS: Species monitoring sites,jääleinikki (fi) — Ranunculus glacialis,69.04895,20.828543,1971-07-29
Suomi,Vascular Plant Herbarium,jääleinikki (fi) — Ranunculus glacialis,69.046072,20.850614,1971-07-29
Suomi,Vascular Plant Herbarium,jääleinikki (fi) — Ranunculus glacialis,69.046036,20.850864,1971-07-29
Suomi,Vascular Plant Herbarium,jääleinikki (fi) — Ranunculus glacialis,69.046036,20.850864,1971-07-29
Suomi,Vascular Plant Herbarium,jääleinikki (fi) — Ranunculus glacialis,69.241659,21.302822,1968-07-01 - 1968-07-31
Norja,KUO Vascular plant collections (KUO),jääleinikki (fi) — Ranunculus glacialis,,,1967-08-06
Suomi,Vascular Plant Herbarium,jääleinikki (fi) — Ranunculus glacialis,69.143991,21.075832,1967-07-01 - 1967-07-31
Suomi,Vascular Plant Herbarium,jääleinikki (fi) — Ranunculus glacialis,69.070427,20.654869,1965-08-17
Suomi,Vascular Plant Herbarium,jääleinikki (fi) — Ranunculus glacialis,69.046036,20.850864,1964-08-01 - 1964-08-31
Suomi,Vascular Plant Herbarium,jääleinikki (fi) — Ranunculus glacialis,69.046036,20.850864,1964-08-01 - 1964-08-31
Ruotsi,Main vascular plant collection of Iisalmi Natural History Museum,jääleinikki (fi) — Ranunculus glacialis,,,1964-07-20
Ruotsi,Main vascular plant collection of Iisalmi Natural History Museum,jääleinikki (fi) — Ranunculus glacialis,,,1964-07-20
Ruotsi,"TUR Vascular plant collections of the Turku University, Herbarium generale",jääleinikki (fi) — Ranunculus glacialis,,,1964-07-14
Suomi,Vascular Plant Herbarium,jääleinikki (fi) — Ranunculus glacialis,69.046036,20.850864,1964-07-01 - 1964-07-31
Suomi,Vascular Plant Herbarium,jääleinikki (fi) — Ranunculus glacialis,68.96565,21.123939,1963-07-01 - 1963-07-31
Suomi,Kastikka Floristic Archives (Kastikka Ark),jääleinikki (fi) — Ranunculus glacialis,69.065189,20.757115,1963-01-01 - 1967-12-31
Suomi,Kastikka Floristic Archives (Kastikka Ark),jääleinikki (fi) — Ranunculus glacialis,69.070427,20.654869,1963-01-01 - 1967-12-31
Suomi,Kastikka Floristic Archives (Kastikka Ark),jääleinikki (fi) — Ranunculus glacialis,69.067635,20.580119,1963-01-01 - 1967-12-31
Suomi,Kastikka Floristic Archives (Kastikka Ark),jääleinikki (fi) — Ranunculus glacialis,69.069501,20.62995,1963-01-01 - 1967-12-31
Suomi,Kastikka Floristic Archives (Kastikka Ark),jääleinikki (fi) — Ranunculus glacialis,69.071351,20.67979,1963-01-01 - 1967-12-31
Suomi,Kastikka Floristic Archives (Kastikka Ark),jääleinikki (fi) — Ranunculus glacialis,69.072271,20.704714,1963-01-01 - 1967-12-31
Suomi,Kastikka Floristic Archives (Kastikka Ark),jääleinikki (fi) — Ranunculus glacialis,69.077479,20.602424,1963-01-01 - 1967-12-31
Suomi,Kastikka Floristic Archives (Kastikka Ark),jääleinikki (fi) — Ranunculus glacialis,69.07841,20.62735,1963-01-01 - 1967-12-31
Suomi,Kastikka Floristic Archives (Kastikka Ark),jääleinikki (fi) — Ranunculus glacialis,69.079338,20.65228,1963-01-01 - 1967-12-31
Suomi,Kastikka Floristic Archives (Kastikka Ark),jääleinikki (fi) — Ranunculus glacialis,69.080262,20.677211,1963-01-01 - 1967-12-31
Suomi,Kastikka Floristic Archives (Kastikka Ark),jääleinikki (fi) — Ranunculus glacialis,69.087319,20.62475,1963-01-01 - 1967-12-31
Suomi,Kastikka Floristic Archives (Kastikka Ark),jääleinikki (fi) — Ranunculus glacialis,69.088247,20.649688,1963-01-01 - 1967-12-31
Suomi,Kastikka Floristic Archives (Kastikka Ark),jääleinikki (fi) — Ranunculus glacialis,69.089171,20.67463,1963-01-01 - 1967-12-31
Suomi,Kastikka Floristic Archives (Kastikka Ark),jääleinikki (fi) — Ranunculus glacialis,69.090092,20.699573,1963-01-01 - 1967-12-31
Suomi,Botanical Collections of the Jyväskylä University Museum (JYV),jääleinikki (fi) — Ranunculus glacialis,69.098829,21.201276,1962-07-29
Ruotsi,"TUR Vascular plant collections of the Turku University, Herbarium generale",jääleinikki (fi) — Ranunculus glacialis,,,1962-07-18
Ruotsi,"TUR Vascular plant collections of the Turku University, Herbarium generale",jääleinikki (fi) — Ranunculus glacialis,,,1962-07-10
Suomi,Vascular Plant Herbarium,jääleinikki (fi) — Ranunculus glacialis,69.125973,20.57579,1961-08-01 - 1961-08-31
Suomi,LajiGIS: Species monitoring sites,jääleinikki (fi) — Ranunculus glacialis,69.286392,21.430581,1961-07-26
Suomi,Kastikka Floristic Archives (Kastikka Ark),jääleinikki (fi) — Ranunculus glacialis,69.114966,21.146541,1960-08-14
Suomi,Kastikka Floristic Archives (Kastikka Ark),jääleinikki (fi) — Ranunculus glacialis,69.047832,21.290219,1960-08-13
Norja,"TUR-A Vascular plant collections of the Åbo Akademi, Herbarium generale",jääleinikki (fi) — Ranunculus glacialis,,,1960-07-01 - 1960-07-31
Suomi,Kastikka Floristic Archives (Kastikka Ark),jääleinikki (fi) — Ranunculus glacialis,68.894136,21.829155,1959-08-09
Suomi,Vascular Plant Herbarium,jääleinikki (fi) — Ranunculus glacialis,68.900437,21.890304,1959-08-01 - 1959-08-31
Suomi,"Vascular plant collections of the Botanical Museum, University of Oulu (OULU)",jääleinikki (fi) — Ranunculus glacialis,68.892808,21.642572,1959-08-01 - 1959-08-31
Suomi,Kastikka Floristic Archives (Kastikka Ark),jääleinikki (fi) — Ranunculus glacialis,69.239208,21.645539,1959-07-01 - 1959-07-31
Suomi,Kastikka Floristic Archives (Kastikka Ark),jääleinikki (fi) — Ranunculus glacialis,69.213988,21.702404,1959-07-01 - 1959-07-31
Suomi,Kastikka Floristic Archives (Kastikka Ark),jääleinikki (fi) — Ranunculus glacialis,69.210863,21.601894,1959-07-01 - 1959-07-31
Suomi,Kastikka Floristic Archives (Kastikka Ark),jääleinikki (fi) — Ranunculus glacialis,69.279064,21.483269,1959-07-01 - 1959-07-31
Suomi,Kastikka Floristic Archives (Kastikka Ark),jääleinikki (fi) — Ranunculus glacialis,69.287179,21.455786,1959-07-01 - 1959-07-31
Suomi,Kastikka Floristic Archives (Kastikka Ark),jääleinikki (fi) — Ranunculus glacialis,69.242566,21.467203,1959-07-01 - 1959-07-31
Suomi,Kastikka Floristic Archives (Kastikka Ark),jääleinikki (fi) — Ranunculus glacialis,69.258786,21.412296,1959-07-01 - 1959-07-31
Suomi,Vascular Plant Herbarium,jääleinikki (fi) — Ranunculus glacialis,68.974036,21.372278,1958-07-01 - 1958-07-31
Suomi,Vascular Plant Herbarium,jääleinikki (fi) — Ranunculus glacialis,69.046036,20.850864,1957-08-01 - 1957-08-31
Suomi,KUO Vascular plant collections (KUO),jääleinikki (fi) — Ranunculus glacialis,69.046036,20.850364,1956-08-06
Suomi,Main vascular plant collection of Iisalmi Natural History Museum,jääleinikki (fi) — Ranunculus glacialis,69.075009,20.779493,1956-07-27
Suomi,"TUR Vascular plant collections of the Turku University, Herbarium generale",jääleinikki (fi) — Ranunculus glacialis,69.233155,21.051462,1956-07-25
Suomi,Main vascular plant collection of Iisalmi Natural History Museum,jääleinikki (fi) — Ranunculus glacialis,69.075009,20.779493,1956-07-24
Suomi,KUO Vascular plant collections (KUO),jääleinikki (fi) — Ranunculus glacialis,69.046036,20.850364,1956-07-23
Suomi,Vascular Plant Herbarium,jääleinikki (fi) — Ranunculus glacialis,69.046036,20.850864,1956-07-21
Suomi,Botanical Collections of the Jyväskylä University Museum (JYV),jääleinikki (fi) — Ranunculus glacialis,69.046036,20.850864,1956-07-20
Norja,KUO Vascular plant collections (KUO),jääleinikki (fi) — Ranunculus glacialis,,,1956-07-19
Suomi,Main vascular plant collection of Iisalmi Natural History Museum,jääleinikki (fi) — Ranunculus glacialis,69.075009,20.779493,1956-07-08
Suomi,Vascular Plant Herbarium,jääleinikki (fi) — Ranunculus glacialis,69.233155,21.051462,1956-07-01 - 1956-07-31
Suomi,Main vascular plant collection of Iisalmi Natural History Museum,jääleinikki (fi) — Ranunculus glacialis,68.713901,22.787894,1955-08-27
Suomi,"Vascular plant collections of the Botanical Museum, University of Oulu (OULU)",jääleinikki (fi) — Ranunculus glacialis,69.046036,20.850864,1955-07-28
Suomi,Vascular Plant Herbarium,jääleinikki (fi) — Ranunculus glacialis,69.241659,21.302822,1955-07-01 - 1955-07-31
Suomi,Vascular Plant Herbarium,jääleinikki (fi) — Ranunculus glacialis,69.330858,21.27926,1955-07-01 - 1955-07-31
Suomi,KUO Vascular plant collections (KUO),jääleinikki (fi) — Ranunculus glacialis,69.054823,21.09949,1954-07-25
Suomi,KUO Vascular plant collections (KUO),jääleinikki (fi) — Ranunculus glacialis,69.046036,20.850864,1954-07-24
Suomi,"Vascular plant collections of the Botanical Museum, University of Oulu (OULU)",jääleinikki (fi) — Ranunculus glacialis,69.308177,21.272305,1954-07-22
Suomi,Botanical Collections of the Jyväskylä University Museum (JYV),jääleinikki (fi) — Ranunculus glacialis,69.046036,20.850864,1953-08-15
Ruotsi,"TUR Vascular plant collections of the Turku University, Herbarium generale",jääleinikki (fi) — Ranunculus glacialis,,,1953-07-19
Suomi,Vascular Plant Herbarium,jääleinikki (fi) — Ranunculus glacialis,69.046036,20.850864,1953-07-01 - 1953-07-31
Suomi,KUO Vascular plant collections (KUO),jääleinikki (fi) — Ranunculus glacialis,69.046036,20.850364,1952-08-01
Suomi,Botanical Collections of the Jyväskylä University Museum (JYV),jääleinikki (fi) — Ranunculus glacialis,69.046036,20.850864,1951-08-15
Suomi,Botanical Collections of the Jyväskylä University Museum (JYV),jääleinikki (fi) — Ranunculus glacialis,69.046036,20.850864,1951-08-15
Suomi,Botanical Collections of the Jyväskylä University Museum (JYV),jääleinikki (fi) — Ranunculus glacialis,69.046036,20.850864,1951-08-15
Suomi,Botanical Collections of the Jyväskylä University Museum (JYV),jääleinikki (fi) — Ranunculus glacialis,69.046036,20.850864,1951-08-15
Suomi,Botanical Collections of the Jyväskylä University Museum (JYV),jääleinikki (fi) — Ranunculus glacialis,69.046036,20.850864,1951-08-04
Suomi,"Vascular plant collections of the Botanical Museum, University of Oulu (OULU)",jääleinikki (fi) — Ranunculus glacialis,69.046036,20.850864,1951-08-01 - 1951-08-31
Suomi,KUO Vascular plant collections (KUO),jääleinikki (fi) — Ranunculus glacialis,69.308177,21.272305,1951-07-25
Suomi,KUO Vascular plant collections (KUO),jääleinikki (fi) — Ranunculus glacialis,69.046036,20.850364,1951-07-19
Suomi,KUO Vascular plant collections (KUO),jääleinikki (fi) — Ranunculus glacialis,68.96565,21.123443,1951-07-01
Suomi,"Vascular plant collections of the Botanical Museum, University of Oulu (OULU)",jääleinikki (fi) — Ranunculus glacialis,69.046036,20.850864,1951-07-01 - 1951-07-31
Suomi,Vascular Plant Herbarium,jääleinikki (fi) — Ranunculus glacialis,69.046036,20.850864,1950-08-01 - 1950-08-31
Suomi,"Vascular plant collections of the Botanical Museum, University of Oulu (OULU)",jääleinikki (fi) — Ranunculus glacialis,69.046036,20.850864,1950-07-22
Suomi,"Vascular plant collections of the Botanical Museum, University of Oulu (OULU)",jääleinikki (fi) — Ranunculus glacialis,69.046036,20.850864,1950-07-02
Suomi,Vascular Plant Herbarium,jääleinikki (fi) — Ranunculus glacialis,69.046036,20.850864,1950-07-01 - 1950-07-31
Suomi,"Vascular plant collections of the Botanical Museum, University of Oulu (OULU)",jääleinikki (fi) — Ranunculus glacialis,69.046036,20.850864,1950-07-01 - 1950-07-31
Suomi,"Vascular plant collections of the Botanical Museum, University of Oulu (OULU)",jääleinikki (fi) — Ranunculus glacialis,69.046036,20.850864,1950-07-01 - 1950-07-31
Suomi,"Vascular plant collections of the Botanical Museum, University of Oulu (OULU)",jääleinikki (fi) — Ranunculus glacialis,69.046036,20.850864,1950-07-01 - 1950-07-31
Suomi,"Vascular plant collections of the Botanical Museum, University of Oulu (OULU)",jääleinikki (fi) — Ranunculus glacialis,69.046036,20.850864,1950-07-01 - 1950-07-31
Suomi,"Vascular plant collections of the Botanical Museum, University of Oulu (OULU)",jääleinikki (fi) — Ranunculus glacialis,69.046036,20.850864,1950-07-01 - 1950-07-31
Suomi,"Vascular plant collections of the Botanical Museum, University of Oulu (OULU)",jääleinikki (fi) — Ranunculus glacialis,69.046036,20.850864,1950-07-01 - 1950-07-31
Suomi,"Vascular plant collections of the Botanical Museum, University of Oulu (OULU)",jääleinikki (fi) — Ranunculus glacialis,69.046036,20.850864,1950-07-01 - 1950-07-31
Suomi,KUO Vascular plant collections (KUO),jääleinikki (fi) — Ranunculus glacialis,69.046036,20.850364,1950-06-24
Norja,"TUR-A Vascular plant collections of the Åbo Akademi, Herbarium generale",jääleinikki (fi) — Ranunculus glacialis,,,1949-07-14
Suomi,Kastikka Small Collections,jääleinikki (fi) — Ranunculus glacialis,69.046036,20.850864,1949-07-12
Suomi,Kastikka Small Collections,jääleinikki (fi) — Ranunculus glacialis,69.046036,20.850864,1949-07-12
Suomi,Kastikka Small Collections,jääleinikki (fi) — Ranunculus glacialis,69.046036,20.850864,1949-07-12
Suomi,Kastikka Small Collections,jääleinikki (fi) — Ranunculus glacialis,69.046036,20.850864,1949-07-12
Suomi,Vascular Plant Herbarium,jääleinikki (fi) — Ranunculus glacialis,69.036888,20.601955,1949-07-01 - 1949-07-31
Suomi,Vascular Plant Herbarium,jääleinikki (fi) — Ranunculus glacialis,69.046036,20.850864,1949-07-01 - 1949-07-31
Suomi,Vascular Plant Herbarium,jääleinikki (fi) — Ranunculus glacialis,69.046036,20.850864,1949-06-01 - 1949-06-30
Suomi,Vascular Plant Herbarium,jääleinikki (fi) — Ranunculus glacialis,69.046036,20.850864,1949-06-01 - 1949-06-30
Suomi,Vascular Plant Herbarium,jääleinikki (fi) — Ranunculus glacialis,69.046036,20.850864,1949-06-01 - 1949-06-30
Suomi,Vascular Plant Herbarium,jääleinikki (fi) — Ranunculus glacialis,69.046036,20.850864,1949-06-01 - 1949-06-30
Suomi,Vascular Plant Herbarium,jääleinikki (fi) — Ranunculus glacialis,69.125973,20.57579,1948-08-01 - 1948-08-31
Suomi,Vascular Plant Herbarium,jääleinikki (fi) — Ranunculus glacialis,69.125973,20.57579,1948-08-01 - 1948-08-31
Suomi,Vascular Plant Herbarium,jääleinikki (fi) — Ranunculus glacialis,69.125973,20.57579,1948-08-01 - 1948-08-31
Suomi,KUO Vascular plant collections (KUO),jääleinikki (fi) — Ranunculus glacialis,69.046036,20.850364,1948-07-05
Suomi,Vascular Plant Herbarium,jääleinikki (fi) — Ranunculus glacialis,69.046036,20.850864,1948-07-01 - 1948-07-31
Suomi,"Vascular plant collections of the Botanical Museum, University of Oulu (OULU)",jääleinikki (fi) — Ranunculus glacialis,69.046036,20.850864,1948-07-01 - 1948-07-31
Suomi,"Vascular plant collections of the Botanical Museum, University of Oulu (OULU)",jääleinikki (fi) — Ranunculus glacialis,69.046036,20.850864,1948-07-01 - 1948-07-31
Suomi,"Vascular plant collections of the Botanical Museum, University of Oulu (OULU)",jääleinikki (fi) — Ranunculus glacialis,69.046036,20.850864,1948-07-01 - 1948-07-31
Suomi,Main vascular plant collection of Iisalmi Natural History Museum,jääleinikki (fi) — Ranunculus glacialis,68.713901,22.787894,1947-08-02
Suomi,Main vascular plant collection of Iisalmi Natural History Museum,jääleinikki (fi) — Ranunculus glacialis,68.713901,22.787894,1947-08-02
Suomi,"Vascular plant collections of the Botanical Museum, University of Oulu (OULU)",jääleinikki (fi) — Ranunculus glacialis,69.046036,20.850864,1947-08-01 - 1947-08-31
Suomi,Vascular Plant Herbarium,jääleinikki (fi) — Ranunculus glacialis,69.046036,20.850864,1947-07-01 - 1947-07-31
Ruotsi,"TUR-A Vascular plant collections of the Åbo Akademi, Herbarium generale",jääleinikki (fi) — Ranunculus glacialis,,,1946-07-20
Ruotsi,"TUR Vascular plant collections of the Turku University, Herbarium generale",jääleinikki (fi) — Ranunculus glacialis,,,1946-07-17
Suomi,Vascular Plant Herbarium,jääleinikki (fi) — Ranunculus glacialis,69.046036,20.850864,1946-07-01 - 1946-07-31
Suomi,Vascular Plant Herbarium,jääleinikki (fi) — Ranunculus glacialis,69.046036,20.850864,1946-07-01 - 1946-07-31
Suomi,Vascular Plant Herbarium,jääleinikki (fi) — Ranunculus glacialis,69.046036,20.850864,1944-07-01 - 1944-07-31
Suomi,Vascular Plant Herbarium,jääleinikki (fi) — Ranunculus glacialis,69.046036,20.850864,1943-07-01 - 1943-07-31
Suomi,Vascular Plant Herbarium,jääleinikki (fi) — Ranunculus glacialis,69.046036,20.850864,1943-07-01 - 1943-07-31
Suomi,"Vascular plant collections of the Botanical Museum, University of Oulu (OULU)",jääleinikki (fi) — Ranunculus glacialis,69.046036,20.850864,1943-07-01 - 1943-07-31
Suomi,"Vascular plant collections of the Botanical Museum, University of Oulu (OULU)",jääleinikki (fi) — Ranunculus glacialis,69.046036,20.850864,1943-07-01 - 1943-07-31
Suomi,"Vascular plant collections of the Botanical Museum, University of Oulu (OULU)",jääleinikki (fi) — Ranunculus glacialis,69.046036,20.850864,1942-08-01 - 1942-08-31
Suomi,Vascular Plant Herbarium,jääleinikki (fi) — Ranunculus glacialis,69.046036,20.850864,1942-07-01 - 1942-07-31
Suomi,KUO Vascular plant collections (KUO),jääleinikki (fi) — Ranunculus glacialis,69.05809,20.809478,1939-07-19
Suomi,Vascular Plant Herbarium,jääleinikki (fi) — Ranunculus glacialis,68.96565,21.123939,1939-07-01 - 1939-07-31
Suomi,Vascular Plant Herbarium,jääleinikki (fi) — Ranunculus glacialis,68.974036,21.372278,1939-07-01 - 1939-07-31
Suomi,Vascular Plant Herbarium,jääleinikki (fi) — Ranunculus glacialis,68.974036,21.372278,1939-07-01 - 1939-07-31
Suomi,Vascular Plant Herbarium,jääleinikki (fi) — Ranunculus glacialis,68.974036,21.372278,1939-07-01 - 1939-07-31
Suomi,Vascular Plant Herbarium,jääleinikki (fi) — Ranunculus glacialis,69.046036,20.850864,1939-07-01 - 1939-07-31
Suomi,"Vascular plant collections of the Botanical Museum, University of Oulu (OULU)",jääleinikki (fi) — Ranunculus glacialis,69.046036,20.850864,1939-07-01 - 1939-07-31
Suomi,KUO Vascular plant collections (KUO),jääleinikki (fi) — Ranunculus glacialis,69.063249,21.348826,1938-07-18
Suomi,Vascular Plant Herbarium,jääleinikki (fi) — Ranunculus glacialis,69.063249,21.349328,1938-07-01 - 1938-07-31
Ruotsi,"TUR-A Vascular plant collections of the Åbo Akademi, Herbarium generale",jääleinikki (fi) — Ranunculus glacialis,,,1938-07-01
Suomi,Kastikka Literature Sources,jääleinikki (fi) — Ranunculus glacialis,69.143991,21.075832,1936-08-12
Suomi,KUO Vascular plant collections (KUO),jääleinikki (fi) — Ranunculus glacialis,69.233155,21.050952,1936-08-08
Ruotsi,"TUR-A Vascular plant collections of the Åbo Akademi, Herbarium generale",jääleinikki (fi) — Ranunculus glacialis,,,1936-08-03
Suomi,Vascular Plant Herbarium,jääleinikki (fi) — Ranunculus glacialis,69.143991,21.075832,1936-08-01 - 1936-08-31
Suomi,Vascular Plant Herbarium,jääleinikki (fi) — Ranunculus glacialis,69.143991,21.075832,1936-08-01 - 1936-08-31
Suomi,Vascular Plant Herbarium,jääleinikki (fi) — Ranunculus glacialis,69.233155,21.051462,1936-08-01 - 1936-08-31
Suomi,Vascular Plant Herbarium,jääleinikki (fi) — Ranunculus glacialis,69.233155,21.051462,1936-08-01 - 1936-08-31
Suomi,"TUR-A Vascular plant collections of the Åbo Akademi, Herbarium generale",jääleinikki (fi) — Ranunculus glacialis,69.046036,20.850864,1936-07-25
Suomi,"TUR-A Vascular plant collections of the Åbo Akademi, Herbarium generale",jääleinikki (fi) — Ranunculus glacialis,69.046036,20.850864,1936-07-13
Suomi,Vascular Plant Herbarium,jääleinikki (fi) — Ranunculus glacialis,69.046036,20.850864,1936-07-13
Suomi,Vascular Plant Herbarium,jääleinikki (fi) — Ranunculus glacialis,69.036888,20.601955,1936-07-01 - 1936-07-31
Suomi,Vascular Plant Herbarium,jääleinikki (fi) — Ranunculus glacialis,69.233155,21.051462,1936-07-01 - 1936-07-31
Suomi,Vascular Plant Herbarium,jääleinikki (fi) — Ranunculus glacialis,69.143991,21.075832,1935-08-01 - 1935-08-31
Suomi,Vascular Plant Herbarium,jääleinikki (fi) — Ranunculus glacialis,69.046036,20.850864,1935-07-01 - 1935-07-31
Suomi,Vascular Plant Herbarium,jääleinikki (fi) — Ranunculus glacialis,69.046036,20.850864,1935-07-01 - 1935-07-31
Suomi,Vascular Plant Herbarium,jääleinikki (fi) — Ranunculus glacialis,69.046036,20.850864,1935-07-01 - 1935-07-31
Suomi,"TUR-A Vascular plant collections of the Åbo Akademi, Herbarium generale",jääleinikki (fi) — Ranunculus glacialis,69.046036,20.850864,1934-07-14
Suomi,"TUR-A Vascular plant collections of the Åbo Akademi, Herbarium generale",jääleinikki (fi) — Ranunculus glacialis,69.046036,20.850864,1934-07-14
Suomi,Vascular Plant Herbarium,jääleinikki (fi) — Ranunculus glacialis,69.046036,20.850864,1934-07-01 - 1934-07-31
Suomi,Vascular Plant Herbarium,jääleinikki (fi) — Ranunculus glacialis,69.046036,20.850864,1934-07-01 - 1934-07-31
Suomi,Vascular Plant Herbarium,jääleinikki (fi) — Ranunculus glacialis,69.046036,20.850864,1934-07-01 - 1934-07-31
Suomi,Vascular Plant Herbarium,jääleinikki (fi) — Ranunculus glacialis,69.046036,20.850864,1934-07-01 - 1934-07-31
Suomi,Vascular Plant Herbarium,jääleinikki (fi) — Ranunculus glacialis,69.046036,20.850864,1934-07-01 - 1934-07-31
Suomi,Vascular Plant Herbarium,jääleinikki (fi) — Ranunculus glacialis,69.046036,20.850864,1934-07-01 - 1934-07-31
Suomi,Vascular Plant Herbarium,jääleinikki (fi) — Ranunculus glacialis,69.046036,20.850864,1934-07-01 - 1934-07-31
Suomi,Vascular Plant Herbarium,jääleinikki (fi) — Ranunculus glacialis,69.046036,20.850864,1934-07-01 - 1934-07-31
Suomi,"TUR-A Vascular plant collections of the Åbo Akademi, Herbarium generale",jääleinikki (fi) — Ranunculus glacialis,69.046036,20.850864,1932-08-08
Suomi,Vascular Plant Herbarium,jääleinikki (fi) — Ranunculus glacialis,69.046036,20.850864,1932-08-01 - 1932-08-31
Suomi,"TUR-A Vascular plant collections of the Åbo Akademi, Herbarium generale",jääleinikki (fi) — Ranunculus glacialis,69.046036,20.850864,1932-08-01
Suomi,Porvoo Museum / Vascular Plant Collection by Arthur Magnusson (Botanical),jääleinikki (fi) — Ranunculus glacialis,69.046036,20.850364,1932-07-08
Suomi,Vascular Plant Herbarium,jääleinikki (fi) — Ranunculus glacialis,69.046036,20.850864,1932-07-01 - 1932-07-31
Suomi,Vascular Plant Herbarium,jääleinikki (fi) — Ranunculus glacialis,69.046036,20.850864,1932-07-01 - 1932-07-31
Suomi,Vascular Plant Herbarium,jääleinikki (fi) — Ranunculus glacialis,69.046036,20.850864,1931-07-01 - 1931-07-31
Suomi,"Vascular plant collections of the Botanical Museum, University of Oulu (OULU)",jääleinikki (fi) — Ranunculus glacialis,69.046036,20.850864,1931-07-01 - 1931-07-31
Suomi,Kastikka Small Collections,jääleinikki (fi) — Ranunculus glacialis,69.046036,20.850864,1930-07-12
Suomi,Vascular Plant Herbarium,jääleinikki (fi) — Ranunculus glacialis,69.046036,20.850864,1930-07-01 - 1930-07-31
Suomi,Vascular Plant Herbarium,jääleinikki (fi) — Ranunculus glacialis,69.046036,20.850864,1930-07-01 - 1930-07-31
Suomi,Vascular Plant Herbarium,jääleinikki (fi) — Ranunculus glacialis,69.046036,20.850864,1929-07-09
Suomi,"Vascular plant collections of the Botanical Museum, University of Oulu (OULU)",jääleinikki (fi) — Ranunculus glacialis,69.046036,20.850864,1929-07-01 - 1929-07-31
Suomi,"Vascular plant collections of the Botanical Museum, University of Oulu (OULU)",jääleinikki (fi) — Ranunculus glacialis,69.046036,20.850864,1929-07-01 - 1929-07-31
Ruotsi,"TUR-A Vascular plant collections of the Åbo Akademi, Herbarium generale",jääleinikki (fi) — Ranunculus glacialis,,,1929-07-01 - 1929-07-31
Ruotsi,"TUR-A Vascular plant collections of the Åbo Akademi, Herbarium generale",jääleinikki (fi) — Ranunculus glacialis,,,1928-08-04
Suomi,"Vascular plant collections of the Botanical Museum, University of Oulu (OULU)",jääleinikki (fi) — Ranunculus glacialis,69.046036,20.850864,1928-07-01 - 1928-07-31
Norja,"TUR-A Vascular plant collections of the Åbo Akademi, Herbarium generale",jääleinikki (fi) — Ranunculus glacialis,,,1927-07-16
Ruotsi,"TUR-A Vascular plant collections of the Åbo Akademi, Herbarium generale",jääleinikki (fi) — Ranunculus glacialis,,,1927-07-15
Ruotsi,"TUR Vascular plant collections of the Turku University, Herbarium generale",jääleinikki (fi) — Ranunculus glacialis,,,1927-07-01 - 1927-07-31
Suomi,Vascular Plant Herbarium,jääleinikki (fi) — Ranunculus glacialis,69.036888,20.601955,1926-07-01 - 1926-07-31
Suomi,Vascular Plant Herbarium,jääleinikki (fi) — Ranunculus glacialis,69.046036,20.850864,1926-07-01 - 1926-07-31
Suomi,"Vascular plant collections of the Botanical Museum, University of Oulu (OULU)",jääleinikki (fi) — Ranunculus glacialis,69.046036,20.850864,1926-07-01 - 1926-07-31
Suomi,Vascular Plant Herbarium,jääleinikki (fi) — Ranunculus glacialis,69.046036,20.850864,1925-07-01 - 1925-07-31
Suomi,"Vascular plant collections of the Botanical Museum, University of Oulu (OULU)",jääleinikki (fi) — Ranunculus glacialis,69.241659,21.302822,1925-06-01 - 1925-06-30
Suomi,Vascular Plant Herbarium,jääleinikki (fi) — Ranunculus glacialis,69.046036,20.850864,1924-07-14
Suomi,Vascular Plant Herbarium,jääleinikki (fi) — Ranunculus glacialis,69.046036,20.850864,1924-07-01 - 1924-07-31
Suomi,Kastikka Literature Sources,jääleinikki (fi) — Ranunculus glacialis,69.046036,20.850864,1924-06-01 - 1924-08-31
Suomi,Vascular Plant Herbarium,jääleinikki (fi) — Ranunculus glacialis,69.046036,20.850864,1923-07-01 - 1923-07-31
Ruotsi,"TUR-A Vascular plant collections of the Åbo Akademi, Herbarium generale",jääleinikki (fi) — Ranunculus glacialis,,,1922-07-01 - 1922-07-31
Suomi,KUO Vascular plant collections (KUO),jääleinikki (fi) — Ranunculus glacialis,69.143991,21.075327,1920-07-09
Suomi,KUO Vascular plant collections (KUO),jääleinikki (fi) — Ranunculus glacialis,69.046036,20.850364,1920-07-05
Suomi,Vascular Plant Herbarium,jääleinikki (fi) — Ranunculus glacialis,69.046036,20.850864,1920-07-01 - 1920-07-31
Suomi,Vascular Plant Herbarium,jääleinikki (fi) — Ranunculus glacialis,69.046036,20.850864,1920-07-01 - 1920-07-31
Suomi,Vascular Plant Herbarium,jääleinikki (fi) — Ranunculus glacialis,69.036888,20.601955,1919-08-01 - 1919-08-31
Ruotsi,"TUR-A Vascular plant collections of the Åbo Akademi, Herbarium generale",jääleinikki (fi) — Ranunculus glacialis,,,1919-07-13
Norja,"TUR-A Vascular plant collections of the Åbo Akademi, Herbarium generale",jääleinikki (fi) — Ranunculus glacialis,,,1916-07-07
Norja,"TUR-A Vascular plant collections of the Åbo Akademi, Herbarium generale",jääleinikki (fi) — Ranunculus glacialis,,,1916-07-07
Norja,"TUR-A Vascular plant collections of the Åbo Akademi, Herbarium generale",jääleinikki (fi) — Ranunculus glacialis,,,1916-07-07
Norja,"TUR-A Vascular plant collections of the Åbo Akademi, Herbarium generale",jääleinikki (fi) — Ranunculus glacialis,,,1916-07-07
Suomi,Vascular Plant Herbarium,jääleinikki (fi) — Ranunculus glacialis,69.330858,21.27926,1915-08-01 - 1915-08-31
Ruotsi,"TUR-A Vascular plant collections of the Åbo Akademi, Herbarium generale",jääleinikki (fi) — Ranunculus glacialis,,,1915-07-23
Ruotsi,"TUR-A Vascular plant collections of the Åbo Akademi, Herbarium generale",jääleinikki (fi) — Ranunculus glacialis,,,1915-07-23
Norja,"TUR-A Vascular plant collections of the Åbo Akademi, Herbarium generale",jääleinikki (fi) — Ranunculus glacialis,,,1915-07-15
Ruotsi,"TUR Vascular plant collections of the Turku University, Herbarium generale",jääleinikki (fi) — Ranunculus glacialis,,,1914-07-05
Ruotsi,"TUR Vascular plant collections of the Turku University, Herbarium generale",jääleinikki (fi) — Ranunculus glacialis,,,1914-07-04 - 1914-07-05
Suomi,Vascular Plant Herbarium,jääleinikki (fi) — Ranunculus glacialis,69.046036,20.850864,1914-07-01 - 1914-07-31
Ruotsi,"TUR-A Vascular plant collections of the Åbo Akademi, Herbarium generale",jääleinikki (fi) — Ranunculus glacialis,,,1913-08-06
Norja,"TUR-A Vascular plant collections of the Åbo Akademi, Herbarium generale",jääleinikki (fi) — Ranunculus glacialis,,,1912-08-01 - 1912-08-31
Suomi,Vascular Plant Herbarium,jääleinikki (fi) — Ranunculus glacialis,69.036888,20.601955,1911-08-01 - 1911-08-31
Suomi,"TUR-A Vascular plant collections of the Åbo Akademi, Herbarium generale",jääleinikki (fi) — Ranunculus glacialis,69.046036,20.850864,1911-07-26
Suomi,"TUR-A Vascular plant collections of the Åbo Akademi, Herbarium generale",jääleinikki (fi) — Ranunculus glacialis,69.046036,20.850864,1911-07-26
Suomi,Vascular Plant Herbarium,jääleinikki (fi) — Ranunculus glacialis,69.046036,20.850864,1911-07-01 - 1911-07-31
Suomi,"TUR-A Vascular plant collections of the Åbo Akademi, Herbarium generale",jääleinikki (fi) — Ranunculus glacialis,69.046036,20.850864,1910-08-09
Norja,"TUR-A Vascular plant collections of the Åbo Akademi, Herbarium generale",jääleinikki (fi) — Ranunculus glacialis,,,1910-08-09
Suomi,"TUR-A Vascular plant collections of the Åbo Akademi, Herbarium generale",jääleinikki (fi) — Ranunculus glacialis,69.046036,20.850864,1910-08-07
Suomi,"TUR-A Vascular plant collections of the Åbo Akademi, Herbarium generale",jääleinikki (fi) — Ranunculus glacialis,69.046036,20.850864,1910-08-07
Suomi,Vascular Plant Herbarium,jääleinikki (fi) — Ranunculus glacialis,69.046036,20.850864,1910-08-01 - 1910-08-31
Suomi,Vascular Plant Herbarium,jääleinikki (fi) — Ranunculus glacialis,69.046036,20.850864,1910-08-01 - 1910-08-31
Suomi,Vascular Plant Herbarium,jääleinikki (fi) — Ranunculus glacialis,69.046036,20.850864,1910-08-01 - 1910-08-31
Ruotsi,"TUR-A Vascular plant collections of the Åbo Akademi, Herbarium generale",jääleinikki (fi) — Ranunculus glacialis,,,1910-07-27
Ruotsi,"TUR-A Vascular plant collections of the Åbo Akademi, Herbarium generale",jääleinikki (fi) — Ranunculus glacialis,,,1910-07-01 - 1910-07-31
Ruotsi,"TUR-A Vascular plant collections of the Åbo Akademi, Herbarium generale",jääleinikki (fi) — Ranunculus glacialis,,,1909-07-27
Ruotsi,"TUR-A Vascular plant collections of the Åbo Akademi, Herbarium generale",jääleinikki (fi) — Ranunculus glacialis,,,1909-07-12
Ruotsi,"TUR-A Vascular plant collections of the Åbo Akademi, Herbarium generale",jääleinikki (fi) — Ranunculus glacialis,,,1909-07-12
Ruotsi,"TUR-A Vascular plant collections of the Åbo Akademi, Herbarium generale",jääleinikki (fi) — Ranunculus glacialis,,,1907-07-12
Ruotsi,"TUR-A Vascular plant collections of the Åbo Akademi, Herbarium generale",jääleinikki (fi) — Ranunculus glacialis,,,1905-07-14
Suomi,KUO Vascular plant collections (KUO),jääleinikki (fi) — Ranunculus glacialis,69.046036,20.850364,1905-07-10
Suomi,Vascular Plant Herbarium,jääleinikki (fi) — Ranunculus glacialis,69.046036,20.850864,1905-07-01 - 1905-07-31
Norja,"TUR-A Vascular plant collections of the Åbo Akademi, Herbarium generale",jääleinikki (fi) — Ranunculus glacialis,,,1900-07-10
Ruotsi,"TUR-A Vascular plant collections of the Åbo Akademi, Herbarium generale",jääleinikki (fi) — Ranunculus glacialis,,,1899-07-01 - 1899-07-31
Ruotsi,"TUR-A Vascular plant collections of the Åbo Akademi, Herbarium generale",jääleinikki (fi) — Ranunculus glacialis,,,1898-07-21
Ruotsi,"TUR-A Vascular plant collections of the Åbo Akademi, Herbarium generale",jääleinikki (fi) — Ranunculus glacialis,,,1898-07-01 - 1898-07-31
Norja,"TUR-A Vascular plant collections of the Åbo Akademi, Herbarium generale",jääleinikki (fi) — Ranunculus glacialis,,,1897-07-01 - 1897-07-31
Norja,"TUR-A Vascular plant collections of the Åbo Akademi, Herbarium generale",jääleinikki (fi) — Ranunculus glacialis,,,1897-07-01 - 1897-07-31
Norja,"TUR-A Vascular plant collections of the Åbo Akademi, Herbarium generale",jääleinikki (fi) — Ranunculus glacialis,,,1896-01-01 - 1896-12-31
Norja,"TUR-A Vascular plant collections of the Åbo Akademi, Herbarium generale",jääleinikki (fi) — Ranunculus glacialis,,,1894-07-01 - 1894-07-31
Ruotsi,"TUR-A Vascular plant collections of the Åbo Akademi, Herbarium generale",jääleinikki (fi) — Ranunculus glacialis,,,1893-08-04
Venäjä,Vascular Plant Herbarium,jääleinikki (fi) — Ranunculus glacialis,,,1892-08-30
Venäjä,Vascular Plant Herbarium,jääleinikki (fi) — Ranunculus glacialis,,,1892-08-30
Ruotsi,"TUR-A Vascular plant collections of the Åbo Akademi, Herbarium generale",jääleinikki (fi) — Ranunculus glacialis,,,1892-08-06
Ruotsi,"TUR Vascular plant collections of the Turku University, Herbarium generale",jääleinikki (fi) — Ranunculus glacialis,,,1892-08-01 - 1892-08-31
Venäjä,Vascular Plant Herbarium,jääleinikki (fi) — Ranunculus glacialis,,,1892-07-30
Venäjä,Vascular Plant Herbarium,jääleinikki (fi) — Ranunculus glacialis,,,1892-07-29
Ruotsi,"TUR-A Vascular plant collections of the Åbo Akademi, Herbarium generale",jääleinikki (fi) — Ranunculus glacialis,,,1892-07-28
Venäjä,Vascular Plant Herbarium,jääleinikki (fi) — Ranunculus glacialis,,,1892-07-22
Venäjä,Vascular Plant Herbarium,jääleinikki (fi) — Ranunculus glacialis,,,1892-07-12
Ruotsi,"TUR-A Vascular plant collections of the Åbo Akademi, Herbarium generale",jääleinikki (fi) — Ranunculus glacialis,,,1890-07-01 - 1890-07-31
Suomi,KUO Vascular plant collections (KUO),jääleinikki (fi) — Ranunculus glacialis,69.330858,21.278745,1889-08-13
Suomi,Vascular Plant Herbarium,jääleinikki (fi) — Ranunculus glacialis,69.330858,21.27926,1889-08-01 - 1889-08-31
Suomi,Vascular Plant Herbarium,jääleinikki (fi) — Ranunculus glacialis,68.900437,21.890304,1889-07-01 - 1889-07-31
Norja,"TUR-A Vascular plant collections of the Åbo Akademi, Herbarium generale",jääleinikki (fi) — Ranunculus glacialis,,,1887-07-28
Norja,"TUR-A Vascular plant collections of the Åbo Akademi, Herbarium generale",jääleinikki (fi) — Ranunculus glacialis,,,1887-07-20
Ruotsi,"TUR-A Vascular plant collections of the Åbo Akademi, Herbarium generale",jääleinikki (fi) — Ranunculus glacialis,,,1887-07-01 - 1887-07-31
Ruotsi,"TUR-A Vascular plant collections of the Åbo Akademi, Herbarium generale",jääleinikki (fi) — Ranunculus glacialis,,,1884-07-20
Norja,"TUR-A Vascular plant collections of the Åbo Akademi, Herbarium generale",jääleinikki (fi) — Ranunculus glacialis,,,1882-07-21
Norja,"TUR-A Vascular plant collections of the Åbo Akademi, Herbarium generale",jääleinikki (fi) — Ranunculus glacialis,,,1882-07-19
Norja,"TUR-A Vascular plant collections of the Åbo Akademi, Herbarium generale",jääleinikki (fi) — Ranunculus glacialis,,,1882-07-18
Norja,"TUR-A Vascular plant collections of the Åbo Akademi, Herbarium generale",jääleinikki (fi) — Ranunculus glacialis,,,1882-07-18
Norja,"TUR-A Vascular plant collections of the Åbo Akademi, Herbarium generale",jääleinikki (fi) — Ranunculus glacialis,,,1882-07-18
Norja,"TUR-A Vascular plant collections of the Åbo Akademi, Herbarium generale",jääleinikki (fi) — Ranunculus glacialis,,,1881-07-09
Norja,"TUR-A Vascular plant collections of the Åbo Akademi, Herbarium generale",jääleinikki (fi) — Ranunculus glacialis,,,1880-08-02
Norja,"TUR-A Vascular plant collections of the Åbo Akademi, Herbarium generale",jääleinikki (fi) — Ranunculus glacialis,,,1879-07-15
Ruotsi,"TUR-A Vascular plant collections of the Åbo Akademi, Herbarium generale",jääleinikki (fi) — Ranunculus glacialis,,,1879-07-01 - 1879-07-31
Suomi,KUO Vascular plant collections (KUO),jääleinikki (fi) — Ranunculus glacialis,69.046036,20.850364,1867-08-25
Suomi,KUO Vascular plant collections (KUO),jääleinikki (fi) — Ranunculus glacialis,69.046036,20.850364,1867-08-25
Suomi,Vascular Plant Herbarium,jääleinikki (fi) — Ranunculus glacialis,69.046036,20.850864,1867-08-01 - 1867-08-31
Suomi,KUO Vascular plant collections (KUO),jääleinikki (fi) — Ranunculus glacialis,69.046036,20.850364,1867-01-01 - 1867-12-31
Ruotsi,"TUR-A Vascular plant collections of the Åbo Akademi, Herbarium generale",jääleinikki (fi) — Ranunculus glacialis,,,1821-01-01 - 1821-12-31
Suomi,Kastikka Literature Sources,jääleinikki (fi) — Ranunculus glacialis,69.046036,20.850364,1800-01-01 - 1961-12-31
Suomi,Kastikka Literature Sources,jääleinikki (fi) — Ranunculus glacialis,69.046036,20.850364,1800-01-01 - 1914-12-31
Suomi,Kastikka Literature Sources,jääleinikki (fi) — Ranunculus glacialis,69.046036,20.850364,1800-01-01 - 1911-12-31
Suomi,Kastikka Literature Sources,jääleinikki (fi) — Ranunculus glacialis,69.143991,21.075327,1800-01-01 - 1956-12-31
Suomi,Kastikka Literature Sources,jääleinikki (fi) — Ranunculus glacialis,69.241659,21.302311,1800-01-01 - 1954-12-31
Suomi,Kastikka Literature Sources,jääleinikki (fi) — Ranunculus glacialis,69.241659,21.302311,1800-01-01 - 1948-12-31
Suomi,Vascular plant observations of Turku university Herbarium,jääleinikki (fi) — Ranunculus glacialis,69.050897,20.831316,
Suomi,Main vascular plant collection of Iisalmi Natural History Museum,jääleinikki (fi) — Ranunculus glacialis,69.795723,26.256395,
Finland,Main vascular plant collection of Iisalmi Natural History Museum,jääleinikki (fi) — Ranunculus glacialis,69.317932,21.295166,
,Vascular Plant Herbarium: Herbarium Generale,jääleinikki (fi) — Ranunculus glacialis,,,
,Vascular Plant Herbarium: Herbarium Generale,jääleinikki (fi) — Ranunculus glacialis,,,
,Vascular Plant Herbarium: Herbarium Generale,jääleinikki (fi) — Ranunculus glacialis,,,
,Vascular Plant Herbarium: Herbarium Generale,jääleinikki (fi) — Ranunculus glacialis,,,
,Vascular Plant Herbarium: Herbarium Generale,jääleinikki (fi) — Ranunculus glacialis,,,
,Vascular Plant Herbarium: Herbarium Generale,jääleinikki (fi) — Ranunculus glacialis,,,
,Vascular Plant Herbarium: Herbarium Generale,jääleinikki (fi) — Ranunculus glacialis,,,
,Vascular Plant Herbarium: Herbarium Generale,jääleinikki (fi) — Ranunculus glacialis,,,
,Vascular Plant Herbarium: Herbarium Generale,jääleinikki (fi) — Ranunculus glacialis,,,
,Vascular Plant Herbarium: Herbarium Generale,jääleinikki (fi) — Ranunculus glacialis,,,
,Vascular Plant Herbarium: Herbarium Generale,jääleinikki (fi) — Ranunculus glacialis,,,
,Vascular Plant Herbarium: Herbarium Generale,jääleinikki (fi) — Ranunculus glacialis,,,
,Vascular Plant Herbarium: Herbarium Generale,jääleinikki (fi) — Ranunculus glacialis,,,
,Vascular Plant Herbarium: Herbarium Generale,jääleinikki (fi) — Ranunculus glacialis,,,
,Vascular Plant Herbarium: Herbarium Generale,jääleinikki (fi) — Ranunculus glacialis,,,
,Vascular Plant Herbarium: Herbarium Generale,jääleinikki (fi) — Ranunculus glacialis,,,
,Vascular Plant Herbarium: Herbarium Generale,jääleinikki (fi) — Ranunculus glacialis,,,
,Vascular Plant Herbarium: Herbarium Generale,jääleinikki (fi) — Ranunculus glacialis,,,
,Vascular Plant Herbarium: Herbarium Generale,jääleinikki (fi) — Ranunculus glacialis,,,
,Vascular Plant Herbarium: Herbarium Generale,jääleinikki (fi) — Ranunculus glacialis,,,
,Vascular Plant Herbarium: Herbarium Generale,jääleinikki (fi) — Ranunculus glacialis,,,
,Vascular Plant Herbarium: Herbarium Generale,jääleinikki (fi) — Ranunculus glacialis,,,
,Vascular Plant Herbarium: Herbarium Generale,jääleinikki (fi) — Ranunculus glacialis,,,
,Vascular Plant Herbarium: Herbarium Generale,jääleinikki (fi) — Ranunculus glacialis,,,
,Vascular Plant Herbarium: Herbarium Generale,jääleinikki (fi) — Ranunculus glacialis,,,
,Vascular Plant Herbarium: Herbarium Generale,jääleinikki (fi) — Ranunculus glacialis,,,
,Vascular Plant Herbarium: Herbarium Generale,jääleinikki (fi) — Ranunculus glacialis,,,
,Vascular Plant Herbarium: Herbarium Generale,jääleinikki (fi) — Ranunculus glacialis,,,
,Vascular Plant Herbarium: Herbarium Generale,jääleinikki (fi) — Ranunculus glacialis,,,
,Vascular Plant Herbarium: Herbarium Generale,jääleinikki (fi) — Ranunculus glacialis,,,
,Vascular Plant Herbarium: Herbarium Generale,jääleinikki (fi) — Ranunculus glacialis,,,
,Vascular Plant Herbarium: Herbarium Generale,jääleinikki (fi) — Ranunculus glacialis,,,
,Vascular Plant Herbarium: Herbarium Generale,jääleinikki (fi) — Ranunculus glacialis,,,
,Vascular Plant Herbarium: Herbarium Generale,jääleinikki (fi) — Ranunculus glacialis,,,
,Vascular Plant Herbarium: Herbarium Generale,jääleinikki (fi) — Ranunculus glacialis,,,
,Vascular Plant Herbarium: Herbarium Generale,jääleinikki (fi) — Ranunculus glacialis,,,
,Vascular Plant Herbarium: Herbarium Generale,jääleinikki (fi) — Ranunculus glacialis,,,
,Vascular Plant Herbarium: Herbarium Generale,jääleinikki (fi) — Ranunculus glacialis,,,
,Vascular Plant Herbarium: Herbarium Generale,jääleinikki (fi) — Ranunculus glacialis,,,
,Vascular Plant Herbarium: Herbarium Generale,jääleinikki (fi) — Ranunculus glacialis,,,
,Vascular Plant Herbarium: Herbarium Generale,jääleinikki (fi) — Ranunculus glacialis,,,
,Vascular Plant Herbarium: Herbarium Generale,jääleinikki (fi) — Ranunculus glacialis,,,
,Vascular Plant Herbarium: Herbarium Generale,jääleinikki (fi) — Ranunculus glacialis,,,
,Vascular Plant Herbarium: Herbarium Generale,jääleinikki (fi) — Ranunculus glacialis,,,
,Vascular Plant Herbarium: Herbarium Generale,jääleinikki (fi) — Ranunculus glacialis,,,
,Vascular Plant Herbarium: Herbarium Generale,jääleinikki (fi) — Ranunculus glacialis,,,
,Vascular Plant Herbarium: Herbarium Generale,jääleinikki (fi) — Ranunculus glacialis,,,
,Vascular Plant Herbarium: Herbarium Generale,jääleinikki (fi) — Ranunculus glacialis,,,
,Vascular Plant Herbarium: Herbarium Generale,jääleinikki (fi) — Ranunculus glacialis,,,
,Vascular Plant Herbarium: Herbarium Generale,jääleinikki (fi) — Ranunculus glacialis,,,
,Vascular Plant Herbarium: Herbarium Generale,jääleinikki (fi) — Ranunculus glacialis,,,
,Vascular Plant Herbarium: Herbarium Generale,jääleinikki (fi) — Ranunculus glacialis,,,
,Vascular Plant Herbarium: Herbarium Generale,jääleinikki (fi) — Ranunculus glacialis,,,
,Vascular Plant Herbarium: Herbarium Generale,jääleinikki (fi) — Ranunculus glacialis,,,
,Vascular Plant Herbarium: Herbarium Generale,jääleinikki (fi) — Ranunculus glacialis,,,
,Vascular Plant Herbarium: Herbarium Generale,jääleinikki (fi) — Ranunculus glacialis,,,
,Vascular Plant Herbarium: Herbarium Generale,jääleinikki (fi) — Ranunculus glacialis,,,
,Vascular Plant Herbarium: Herbarium Generale,jääleinikki (fi) — Ranunculus glacialis,,,
,Vascular Plant Herbarium: Herbarium Generale,jääleinikki (fi) — Ranunculus glacialis,,,
,Vascular Plant Herbarium: Herbarium Generale,jääleinikki (fi) — Ranunculus glacialis,,,
